/*
SQLyog Ultimate v11.01 (64 bit)
MySQL - 5.5.28 : Database - dotori
*********************************************************************
*/

/*!40101 SET NAMES utf8 */;

/*!40101 SET SQL_MODE=''*/;

/*!40014 SET @OLD_UNIQUE_CHECKS=@@UNIQUE_CHECKS, UNIQUE_CHECKS=0 */;
/*!40014 SET @OLD_FOREIGN_KEY_CHECKS=@@FOREIGN_KEY_CHECKS, FOREIGN_KEY_CHECKS=0 */;
/*!40101 SET @OLD_SQL_MODE=@@SQL_MODE, SQL_MODE='NO_AUTO_VALUE_ON_ZERO' */;
/*!40111 SET @OLD_SQL_NOTES=@@SQL_NOTES, SQL_NOTES=0 */;
CREATE DATABASE /*!32312 IF NOT EXISTS*/`dotori` /*!40100 DEFAULT CHARACTER SET utf8 */;

USE `dotori`;

/*Table structure for table `parsing_color` */

DROP TABLE IF EXISTS `parsing_color`;

CREATE TABLE `parsing_color` (
  `pn` int(2) NOT NULL AUTO_INCREMENT COMMENT '색고유번호',
  `ko_name` varchar(255) NOT NULL COMMENT '한국명',
  `en_name` varchar(255) NOT NULL COMMENT '영어명',
  `rgb` varchar(10) NOT NULL COMMENT 'Red, Green, Blue HEX',
  PRIMARY KEY (`pn`)
) ENGINE=InnoDB AUTO_INCREMENT=10 DEFAULT CHARSET=utf8;

/*Data for the table `parsing_color` */

LOCK TABLES `parsing_color` WRITE;

insert  into `parsing_color`(`pn`,`ko_name`,`en_name`,`rgb`) values (1,'검정색','black','#000000'),(2,'흰색','white','#ffffff'),(3,'회색','gray','#808080'),(4,'빨강','red','#ff0000'),(5,'노랑','yellow','#ffff00'),(6,'초록','green','#00ff00'),(7,'청록색','cyan','#00ffff'),(8,'파랑색','blue','#0000ff'),(9,'보라색','magenta','#ff00ff');

UNLOCK TABLES;

/*Table structure for table `parsing_data` */

DROP TABLE IF EXISTS `parsing_data`;

CREATE TABLE `parsing_data` (
  `visit_pn` int(11) NOT NULL COMMENT '방문 고유번호',
  `title` text COMMENT '제목',
  `keyword_pn` int(11) DEFAULT NULL COMMENT '키워드 고유번호',
  KEY `visit_pn` (`visit_pn`),
  KEY `keyword_pn` (`keyword_pn`),
  CONSTRAINT `parsing_data_ibfk_1` FOREIGN KEY (`visit_pn`) REFERENCES `parsing_visit` (`pn`) ON DELETE CASCADE,
  CONSTRAINT `parsing_data_ibfk_2` FOREIGN KEY (`keyword_pn`) REFERENCES `parsing_keyword` (`pn`) ON DELETE CASCADE
) ENGINE=InnoDB DEFAULT CHARSET=utf8;

/*Data for the table `parsing_data` */

LOCK TABLES `parsing_data` WRITE;

insert  into `parsing_data`(`visit_pn`,`title`,`keyword_pn`) values (292,'Masonry',1),(293,'Masonry',1),(294,'Masonry',1),(295,'NAVER',1),(296,'NAVER',1),(297,'NAVER',1),(298,'여객선 세월호 침몰 사고 : 네이버 뉴스',2),(299,'여객선 세월호 침몰 사고 : 네이버 뉴스',1),(300,'여객선 세월호 침몰 사고 : 네이버 뉴스',1),(301,'여객선 세월호 침몰 사고 : 네이버 뉴스',1),(302,'IT/과학 홈 : 네이버 뉴스',1),(303,'스마트폰 가입자 이르면 내달 4천만 돌파 : 네이버 뉴스',1),(304,'스마트폰 가입자 이르면 내달 4천만 돌파 : 네이버 뉴스',1),(305,'스마트폰 가입자 이르면 내달 4천만 돌파 : 네이버 뉴스',1),(306,'스마트폰 가입자 이르면 내달 4천만 돌파 : 네이버 뉴스',1),(307,'NAVER',1),(308,'14번째 절기 : 네이버 통합검색',2),(309,'14번째 절기 : 네이버 통합검색',2),(310,'14번째 절기 : 네이버 통합검색',2),(311,'오늘은 14번째 절기 비 올 확률은 몇 퍼센트일까 : 네이버 뉴스',2),(312,'오늘은 14번째 절기 비 올 확률은 몇 퍼센트일까 : 네이버 뉴스',2),(313,'오늘은 14번째 절기 비 올 확률은 몇 퍼센트일까 : 네이버 뉴스',2),(314,'masonry scroll - Google 검색',1),(315,'Google',1),(316,'Google',1),(317,'How do I add infinite scroll with jQuery Masonry? - Stack Overflow',1),(318,'How do I add infinite scroll with jQuery Masonry? - Stack Overflow',1),(319,'How do I add infinite scroll with jQuery Masonry? - Stack Overflow',1),(320,'masonry scroll - Google 검색',1),(321,'JetPack Infinite Scroll + Masonry | WP Theming',1),(322,'JetPack Infinite Scroll + Masonry | WP Theming',1),(323,'JetPack Infinite Scroll + Masonry | WP Theming',1),(324,'JetPack Infinite Scroll + Masonry | WP Theming',1),(325,'masonry scroll - Google 검색',1),(326,'ppt 템플릿 - Google 검색',1),(327,'[파워포인트] 무료 ppt 템플릿 피피티 배경 블로거 모음. :: eXocet',1),(328,'ppt 템플릿 - Google 검색',1),(329,'[파워포인트] 무료 ppt 템플릿 피피티 배경 블로거 모음. :: eXocet',1),(330,'[파워포인트] 무료 ppt 템플릿 피피티 배경 블로거 모음. :: eXocet',1),(331,'[파워포인트] 무료 ppt 템플릿 피피티 배경 블로거 모음. :: eXocet',1),(332,'[파워포인트] 무료 ppt 템플릿 피피티 배경 블로거 모음. :: eXocet',1),(333,'metro ui - Google 검색',3),(334,'gallery icon - Google 검색',4),(335,'gallery icon - Google 검색',5),(336,'expand button - Google 검색',1),(337,'expand button - Google 검색',1),(338,'expand icon - Google 검색',3),(339,'expand icon - Google 검색',3),(340,'expand icon - Google 검색',3),(341,'expand icon - Google 검색',3),(342,'expand icon - Google 검색',3),(343,'expand icon - Google 검색',3),(344,'expand icon - Google 검색',3),(345,'expand icon - Google 검색',3),(346,'gallery icon - Google 검색',6),(347,'Arrow - Google 검색',1),(348,'Arrow vector - Google 검색',1),(349,'Arrow vector png - Google 검색',1),(350,'Arrow vector png - Google 검색',1),(351,'Arrow vector png - Google 검색',1),(352,'Left arrow vector icon - Arrows icons - Icons Download',3),(353,'Left arrow icon Download - Arrows Silhoutte - Icons Download',3),(354,'255-left-arrow-vector.png (512×512)',2),(355,'gallery icon - Google 검색',7),(356,'css gradient - Google 검색',1),(357,'metro ui - Google 검색',1),(358,'metro ui - Google 검색',1),(359,'metro ui - Google 검색',1),(360,'metro ui - Google 검색',1),(361,'metro ui - Google 검색',1),(362,'metro ui - Google 검색',1),(363,'Archives for Май 2012 | Иноблоггер',2),(364,'Metro-Windows-81.jpg (800×500)',2),(365,'metro ui - Google 검색',1),(366,'metro ui - Google 검색',1),(367,'metro ui - Google 검색',1),(368,'windows metro wallpaper by rgontwerp on deviantART',1),(369,'windows metro wallpaper by rgontwerp on deviantART',1),(370,'metro ui - Google 검색',1),(371,'metro ui - Google 검색',1),(372,'metro ui - Google 검색',1),(373,'metro ui - Google 검색',1),(374,'metro ui - Google 검색',1),(375,'microsoft_metro_ui_rg_website_by_rgontwerp-d3i7ncw.png (1577×879)',2),(376,'box-shadow - Google 검색',1),(377,'Box Shadow Generator | CSS3 Generator | CSS3Gen',1),(378,'metro default background - Google 검색',1),(379,'metro default background - Google 검색',1),(380,'metro 바탕화면 - Google 검색',1),(381,'metro 바탕화면 기본 - Google 검색',1),(382,'metro 바탕화면 기본 - Google 검색',1),(383,'metro 바탕화면 기본 - Google 검색',1),(384,'metro 바탕화면 기본 - Google 검색',1),(385,'images (300×168)',2),(386,'metro 바탕화면 기본 - Google 검색',1),(387,'metro 바탕화면 - Google 검색',1),(388,'metro 바탕화면 - Google 검색',1),(389,'바탕화면 win8 - Google 검색',1),(390,'metro 바탕화면 - Google 검색',1),(391,'metro 기본 바탕화면 - Google 검색',1),(392,'metro 기본 바탕화면 - Google 검색',1),(393,'metro 기본 배경 - Google 검색',1),(394,'metro 기본 배경 - Google 검색',1),(395,'metro 기본 바탕화면 - Google 검색',1),(396,'윈도우8 메트로 UI 를 정복하자 :: 바퀴의 블로그',1),(397,'metro 기본 바탕화면 - Google 검색',1),(398,'window8 metro - Google 검색',1),(399,'metro 기본 바탕화면 - Google 검색',1),(400,'metro 기본 바탕화면 - Google 검색',1),(401,'window8 metro css - Google 검색',1),(402,'metro 기본 바탕화면 - Google 검색',1),(403,'Metro UI CSS : Metro Bootstrap CSS Library',1),(404,'Metro UI CSS : Metro Bootstrap CSS Library',1),(405,'Metro UI CSS Templates : MSN',1),(406,'Metro UI CSS : Metro Bootstrap CSS Library',1),(407,'Metro UI CSS : Metro Bootstrap CSS Library',1),(408,'backgorund - Google 검색',1),(409,'background - Google 검색',1),(410,'background - Google 검색',1),(411,'background - Google 검색',1),(412,'background - Google 검색',1),(413,'background - Google 검색',1),(414,'abstract color background picture 8016 Wallpapers | HD Wallpapers',2),(415,'abstract_color_background_picture_8016-wide.jpg (1920×1200)',2),(416,'scroll pagination - Google 검색',1),(417,'jQuery custom content scroller – malihu | web design',1),(418,'Plugins – malihu | web design',1),(419,'jQuery custom content scroller – malihu | web design',1),(420,'Gmail',8),(421,'Gmail',8),(422,'scroll bar - Google 검색',9),(423,'jQuery custom content scroller – malihu | web design',9),(424,'Templates & web apps – malihu | web design',9),(425,'Plugins – malihu | web design',9),(426,'Page scroll to id – malihu | web design',9),(427,'Plugins – malihu | web design',9),(428,'jQuery custom content scroller – malihu | web design',9),(429,'jQuery custom scrollbar demo',9),(430,'boxshadow - Google 검색',9),(431,'Box Shadow Generator | CSS3 Generator | CSS3Gen',9),(432,'boxshadow - Google 검색',9),(433,'Box Shadow Generator | CSS3 Generator | CSS3Gen',9),(434,'.slideUp() | jQuery API Documentation',9),(435,'Inbox - tjdrms0121@gmail.com - Gmail',9),(436,'Promotions (1) - tjdrms0121@gmail.com - Gmail',9),(437,'Reminder: Sell your used books for extra cash - tjdrms0121@gmail.com - Gmail',9),(438,'NAVER',9),(439,'야구 : 네이버 스포츠',9),(440,'‘5이닝 2실점’에 숨겨진 김광현의 진짜 가치, 최신뉴스, 야구 : 네이버 스포츠',9),(441,'야구 : 네이버 스포츠',9),(442,'해외야구 : 네이버 스포츠',9),(443,'\'시즌 13호\' 추신수, 홈런으로 지킨 자존심, 최신뉴스, 해외야구 : 네이버 스포츠',9),(444,'해외야구 : 네이버 스포츠',9),(445,'LA 타임스 “류현진, 예정대로 복귀할 수 있을 듯”, 최신뉴스, 해외야구 : 네이버 스포츠',9),(446,'Facebook',9),(447,'Facebook',9),(448,'Facebook',9),(449,'Facebook',9),(450,'Facebook',9),(451,'Facebook',9),(452,'Clash of Clans Wiki',9),(453,'NAVER',9),(454,'스포츠홈 : 네이버스포츠',9),(455,'야구 : 네이버 스포츠',9),(456,'Editing Protocol - Clash of Clans Wiki',9),(457,'해외야구 : 네이버 스포츠',9),(458,'축구 : 네이버 스포츠',9),(459,'해외축구 : 네이버 스포츠',9),(460,'축구 : 네이버 스포츠',9),(461,'해외야구 : 네이버 스포츠',9),(462,'NAVER',9),(463,'라미란 : 네이버 통합검색',10),(464,'진짜 사나이 라미란에 소대장 싸늘 \"장난하나 지금?\" 화들짝! : 네이버 뉴스',10),(465,'맹승지 : 네이버 통합검색',11),(466,'‘진짜 사나이’ 맹승지, 배꼽티 입고 훈련소 입소…홍은희도 경악 : 네이버 뉴스',11),(467,'Facebook',9),(468,'openg es - Google 검색',9),(469,'opengl es - Google 검색',12),(470,'OpenGL ES - The Standard for Embedded Accelerated 3D Graphics',12),(471,'opengl es - Google 검색',12),(472,'게임 개발 포에버 :: D3D에 익숙한 개발자을 위한 OpenGLES 개발 소개',12),(473,'opengl es - Google 검색',12),(474,'OpenGL ES Programming Guide for iOS: About OpenGL ES',12),(475,'OpenGL ES Programming Guide for iOS: About OpenGL ES',13),(476,'javascript lowercase - Google 검색',14),(477,'Menu | Starbucks Coffee Company',14),(478,'Webyog Customer Area',14),(479,'오늘은 14번째 절기 비 올 확률은 몇 퍼센트일까 : 네이버 뉴스',15),(480,'해외축구 : 네이버 스포츠',15),(481,'윈도우8 메트로 UI 를 정복하자 :: 바퀴의 블로그',15),(482,'스마트폰 가입자 이르면 내달 4천만 돌파 : 네이버 뉴스',15),(483,'GitHub',16),(484,'Francis0121/dotori',16),(485,'Issues · Francis0121/dotori',16),(486,'Issues · Francis0121/dotori',16),(487,'Issues · Francis0121/dotori',16),(488,'정규표현식을 이용한 Image Filtering 처리 · Issue #1 · Francis0121/dotori',16),(489,'Issues · Francis0121/dotori',16),(490,'Issues · Francis0121/dotori',16),(491,'Image 크기가 작아서 페이지에 모자르는 경우 · Issue #14 · Francis0121/dotori',16),(492,'Issues · Francis0121/dotori',16),(493,'Image 크기가 작아서 페이지에 모자르는 경우 · Issue #14 · Francis0121/dotori',16),(494,'Image 크기가 작아서 페이지에 모자르는 경우 · Issue #14 · Francis0121/dotori',16),(495,'Francis0121/dotori',16),(496,'Issues · Francis0121/dotori',16),(497,'Issues · Francis0121/dotori',16),(498,'Issues · Francis0121/dotori',16),(499,'History 페에지에 page scrolling 처리 작업. · Issue #13 · Francis0121/dotori',16),(500,'6a45ea56-2ba8-11e4-9047-1bd1b921e99f.png (612×418)',16),(501,'History 페에지에 page scrolling 처리 작업. · Issue #13 · Francis0121/dotori',16),(502,'Francis0121/dotori',16),(503,'Issues · Francis0121/dotori',16),(504,'6a45ea56-2ba8-11e4-9047-1bd1b921e99f.png (612×418)',17),(505,'History 페에지에 page scrolling 처리 작업. · Issue #13 · Francis0121/dotori',17),(506,'Image 크기가 작아서 페이지에 모자르는 경우 · Issue #14 · Francis0121/dotori',17),(507,'javascript lowercase - Google 검색',17),(508,'javascript lowercase - Google 검색',17),(509,'javascript lowercase - Google 검색',17),(510,'Convert JavaScript String to be all lower case? - Stack Overflow',17),(511,'javascript lowercase - Google 검색',17),(512,'scroll pagination - Google 검색',17),(513,'scroll pagination - Google 검색',17),(514,'scroll pagination - Google 검색',17),(515,'“Infinite” Scroll to Load More Content Pagination with jQuery | InsertHTML',17),(516,'scroll pagination - Google 검색',17),(517,'google analytics - Google 검색',17),(518,'Google 웹로그 분석 공식 웹사이트 - 웹로그 분석 및 보고서 – Google 웹로그 분석',17),(519,'google analytics - Google 검색',17),(520,'metro ui - Google 검색',18),(521,'metro ui css - Google 검색',19),(522,'Google',20),(523,'metro ui template by thomas - Google 검색',21),(524,'RegExr: Learn, Build, & Test RegEx',22),(525,'정규표현식 - Google 검색',23),(526,'metro ui css template - Google 검색',24),(527,'Google',25),(528,'Google',26),(529,'Google',27),(530,'metro ui css template - Google 검색',28),(531,'Google',29),(532,'국세청 환급금조회 : 네이버 통합검색',30),(533,'국세청 환급금조회 : 네이버 통합검색',30),(534,'국세청 환급금조회 : 네이버 통합검색',31),(535,'국세청 환급금조회 - Google 검색',31),(536,'Yahoo',32),(537,'Yahoo',33),(538,'opengl es 2.0 - Yahoo Search Results',34),(539,'국세청 환급금조회 – Daum 통합 검색',35),(540,'네이트',33),(541,'국세청 환급금조회 – 네이트 통합 검색',36),(542,'bing – Bing 통합 검색',37),(543,'bing – Bing 통합 검색',38),(544,'국세청 환급금조회 – 네이트 통합 검색',39),(545,'국세청 환급금조회 – Daum 통합 검색',39),(546,'국세청 환급금조회 – Bing 통합 검색',39),(547,'국세청 환급금조회 : 네이버 통합검색',39),(548,'Google',40),(549,'Google',41),(550,'Google',42),(551,'metro ui css template : 네이버 통합검색',42),(552,'metro ui css template - Yahoo Search Results',42),(553,'metro ui css template – Daum 통합 검색',42),(554,'metro ui css template – 네이트 통합 검색',42),(555,'metro ui css template – Bing 통합 검색',42),(556,'metro ui css template – Bing 통합 검색',42),(557,'Google',43),(558,'Google',44),(559,'Google',45),(560,'Google',45),(561,'Google',46),(562,'metro ui css template – Daum 통합 검색',46),(563,'metro ui css template – 네이트 통합 검색',46),(564,'metro ui css template - Yahoo Search Results',46),(565,'metro ui css template : 네이버 통합검색',46),(566,'metro ui css template - Google 검색',46),(567,'GitHub',47),(568,'Francis0121/dotori',47),(569,'Issues · Francis0121/dotori',47),(570,'Issues · Francis0121/dotori',47),(571,'Issues · Francis0121/dotori',47),(572,'Search Keyword 분석을 어떤 방식으로 할 것 인가. · Issue #11 · Francis0121/dotori',47),(573,'Inbox (1) - tjdrms0121@gmail.com - Gmail',47),(574,'Re: [dotori] Metro UI 에 적용할 데이터 자주방문하는 사이트 Ajax 구현 (#2) - tjdrms0121@gmail.com - Gmail',47),(575,'GitHub',47),(576,'Francis0121/dotori',47),(577,'Issues · Francis0121/dotori',47),(578,'Issues · Francis0121/dotori',47),(579,'Issues · Francis0121/dotori',47),(580,'Search Keyword 분석을 어떤 방식으로 할 것 인가. · Issue #11 · Francis0121/dotori',47),(581,'NAVER',NULL),(582,'Search Keyword 분석을 어떤 방식으로 할 것 인가. · Issue #11 · Francis0121/dotori',NULL),(583,'NAVER',NULL),(584,'NAVER',NULL),(585,'NAVER',NULL),(586,'Search Keyword 분석을 어떤 방식으로 할 것 인가. · Issue #11 · Francis0121/dotori',NULL),(587,'Search Keyword 분석을 어떤 방식으로 할 것 인가. · Issue #11 · Francis0121/dotori',NULL),(588,'Search Keyword 분석을 어떤 방식으로 할 것 인가. · Issue #11 · Francis0121/dotori',NULL),(589,'NAVER',NULL),(590,'NAVER',NULL),(591,'NAVER',NULL),(592,'성신포탈시스템',NULL),(593,'성신포탈시스템 - 메인페이지',NULL),(594,'성신포탈시스템 - 메인페이지',NULL),(595,'acm.sungshin.ac.kr/proweb/sso_agent.jsp',NULL),(596,'acm.sungshin.ac.kr/proweb/sso_agent.jsp',NULL),(597,'acm.sungshin.ac.kr/proweb/pwdmain.jsp',NULL),(598,'acm.sungshin.ac.kr/proweb/install/help/online_help_guide_3.htm',NULL),(599,'GitHub',NULL),(600,'Francis0121/dotori',NULL),(601,'Issues · Francis0121/dotori',NULL),(602,'Issues · Francis0121/dotori',NULL),(603,'Issues · Francis0121/dotori',NULL),(604,'History 페에지에 page scrolling 처리 작업. · Issue #13 · Francis0121/dotori',NULL),(605,'acm.sungshin.ac.kr/proweb/install/help/online_help_guide_3.htm',NULL),(606,'Search Keyword 분석을 어떤 방식으로 할 것 인가. · Issue #11 · Francis0121/dotori',NULL),(607,'성신포탈시스템 - 메인페이지',NULL),(608,'성신포탈시스템 - 메인페이지',NULL),(609,'NAVER',NULL),(610,'Gmail',NULL),(611,'domain 이름만 추출하기 - Google 검색',48),(612,'[정규표현식] Domain 목록 중 2차 Domain만 추출하고 싶습니다. | KLDP',NULL),(613,'domain 이름만 추출하기 - Google 검색',48),(614,'2차 도메인 추출 - Google 검색',49),(615,'정규식 1차 도메인만 추출 > 정규식 | 프리이미지',49),(616,'2차 도메인 추출 - Google 검색',50),(617,'정규식 도메인 추출 - Google 검색',51),(618,'TISTORY',NULL),(619,'정규식 도메인 추출 - Google 검색',52),(620,'MakebyMe :: Oracle 에서 정규식으로 도메인 정보 추출하기',NULL),(621,'정규식 도메인 추출 - Google 검색',53),(622,'[정규표현식] Domain 목록 중 2차 Domain만 추출하고 싶습니다. | KLDP',NULL),(623,'정규식 도메인 추출 - Google 검색',54),(624,'domain export - Google 검색',48),(625,'domain 추출하기 - Google 검색',48),(626,'커뮤니티 > 개발노트 > PHP 정규식 1차 도메인만 추출하기',48),(627,'domain 추출하기 - Google 검색',48),(628,'TISTORY',NULL),(629,'domain 추출하기 - Google 검색',48),(630,'domain 추출 - Google 검색',48),(631,'이건없지 :: javascript 도메인 알아내기',NULL),(632,'domain 추출 - Google 검색',48),(633,'domain 추출 - Google 검색',48),(634,'정규식 도메인 추출 - Google 검색',55),(635,'정규식 2차 도메인 추출 - Google 검색',56),(636,'정규식 2차 도메인 추출 - Google 검색',57),(637,'domain 추출 - Google 검색',48),(638,'도메인(Domain Name)에서 호스트(Host)와 기관명(Organization)만 추출하기 | nooree\'s coldfusion blog',NULL),(639,'NAVER',NULL),(640,'NAVER',NULL),(641,'NAVER',NULL),(642,'NAVER',NULL),(643,'NAVER',NULL),(644,'NAVER',NULL),(645,'Issues · Francis0121/dotori',NULL),(646,'Issues · Francis0121/dotori',NULL),(647,'Extenstion에 대한 환경 구축 및 기능 구현 · Issue #6 · Francis0121/dotori',NULL),(648,'Issues · Francis0121/dotori',NULL),(649,'Issues · Francis0121/dotori',NULL),(650,'Issues · Francis0121/dotori',NULL),(651,'전체 UI 구성 · Issue #7 · Francis0121/dotori',NULL),(652,'Issues · Francis0121/dotori',NULL),(653,'923a2c5c-2c0c-11e4-84cf-488579469cfa.png (612×418)',NULL),(654,'Google 번역',NULL),(655,'Google 번역',NULL),(656,'Google 번역',NULL),(657,'NAVER',NULL),(658,'NAVER',NULL),(659,'NAVER',NULL),(660,'Issues · Francis0121/dotori',NULL),(661,'Issues · Francis0121/dotori',NULL),(662,'Issues · Francis0121/dotori',NULL),(663,'전체 UI 구성 · Issue #7 · Francis0121/dotori',NULL),(664,'NAVER',NULL),(665,'input type check event - Google 검색',58),(666,'jquery - Catch checked change event of a checkbox - Stack Overflow',NULL),(667,'NAVER',NULL),(668,'NAVER',NULL),(669,'Google',NULL),(670,'Google',NULL),(671,'Google',NULL),(672,'domain 이름만 추출하기 - Google 검색',48),(673,'Google',NULL),(674,'Google',NULL),(675,'커뮤니티 > 개발노트 > PHP 정규식 1차 도메인만 추출하기',48),(676,'NAVER',NULL),(677,'NAVER',NULL),(678,'NAVER',NULL),(679,'NAVER',NULL),(680,'Hex workshop 4.23 - Google 검색',59),(681,'NAVER',NULL),(682,'Google',60),(683,'NAVER',NULL),(684,'새 탭',NULL),(685,'NAVER',NULL),(686,'김주하 : 네이버 통합검색',61),(687,'NAVER',NULL),(688,'스포츠홈 : 네이버스포츠',NULL),(689,'해외야구 : 네이버 스포츠',62),(690,'NAVER',NULL),(691,'야구 : 네이버 스포츠',63),(692,'김민우, 한화에 드래프트 전체 1순위 지명, 최신뉴스, 야구 : 네이버 스포츠',64),(693,'김민우, 한화에 드래프트 전체 1순위 지명, 최신뉴스, 야구 : 네이버 스포츠',65),(694,'야구 : 네이버 스포츠',66),(695,'리틀야구 새 역사! 29년만 세계 정상 ‘우뚝’, 최신뉴스, 야구 : 네이버 스포츠',67),(696,'야구 : 네이버 스포츠',68),(697,'NAVER',NULL),(698,'Peoplegate',NULL),(699,'Peoplegate',NULL),(700,'Peoplegate',NULL),(701,'Peoplegate',NULL),(702,'Peoplegate',NULL),(703,'Peoplegate',NULL),(704,'Peoplegate',NULL),(705,'Peoplegate',NULL),(706,'Peoplegate',NULL),(707,'Peoplegate',NULL),(708,'Peoplegate',NULL),(709,'Peoplegate',NULL),(710,'Peoplegate',NULL),(711,'Peoplegate',NULL),(712,'Peoplegate',NULL),(713,'Peoplegate',NULL),(714,'Peoplegate',NULL),(715,'송진우 코치 아들 송우현, 넥센에 6라운드 지명, 최신뉴스, 야구 : 네이버 스포츠',69),(716,'Facebook',NULL),(717,'Facebook',62),(718,'Facebook',62),(719,'Facebook',62),(720,'Facebook',62),(721,'Facebook',62),(722,'Facebook',62),(723,'Facebook',62),(724,'Facebook',62),(725,'Facebook',62),(726,'Facebook',62),(727,'Facebook',62),(728,'Facebook',62),(729,'Facebook',62),(730,'Facebook',62),(731,'Facebook',62),(732,'Facebook',62),(733,'Facebook',62),(734,'Facebook',62),(735,'Facebook',NULL),(736,'Facebook',NULL),(737,'Issues · Francis0121/dotori',NULL),(738,'Issues · Francis0121/dotori',NULL),(739,'Search Keyword 분석을 어떤 방식으로 할 것 인가. · Issue #11 · Francis0121/dotori',NULL),(740,'Search Keyword 분석을 어떤 방식으로 할 것 인가. · Issue #11 · Francis0121/dotori',NULL),(741,'Francis0121/dotori',NULL),(742,'Issues · Francis0121/dotori',NULL),(743,'Issues · Francis0121/dotori',NULL),(744,'Issues · Francis0121/dotori',NULL),(745,'History 페에지에 page scrolling 처리 작업. · Issue #13 · Francis0121/dotori',NULL),(746,'History 페에지에 page scrolling 처리 작업. · Issue #13 · Francis0121/dotori',NULL),(747,'Francis0121/dotori',NULL),(748,'Issues · Francis0121/dotori',NULL),(749,'Issues · Francis0121/dotori',NULL),(750,'Issues · Francis0121/dotori',NULL),(751,'Web에서의 jquery Datepicker 스타일 변경 · Issue #15 · Francis0121/dotori',NULL),(752,'Issues · Francis0121/dotori',NULL),(753,'Issues · Francis0121/dotori',NULL),(754,'Issues · Francis0121/dotori',NULL),(755,'정규표현식을 이용한 Image Filtering 처리 · Issue #1 · Francis0121/dotori',NULL),(756,'NAVER',NULL),(757,'정규표현식을 이용한 Image Filtering 처리 · Issue #1 · Francis0121/dotori',NULL),(758,'New Issue · Francis0121/dotori',NULL),(759,'Image Filtering frameset에 있는 경우 · Issue #16 · Francis0121/dotori',NULL),(760,'Image Filtering frameset에 있는 경우 · Issue #16 · Francis0121/dotori',NULL),(761,'Image Filtering frameset에 있는 경우 · Issue #16 · Francis0121/dotori',NULL),(762,'Francis0121/dotori',NULL),(763,'Issues · Francis0121/dotori',NULL),(764,'Issues · Francis0121/dotori',NULL),(765,'Issues · Francis0121/dotori',NULL),(766,'New Issue · Francis0121/dotori',NULL),(767,'History UI · Issue #17 · Francis0121/dotori',NULL),(768,'Issues · Francis0121/dotori',NULL),(769,'Issues · Francis0121/dotori',NULL),(770,'Issues · Francis0121/dotori',NULL),(771,'New Issue · Francis0121/dotori',NULL),(772,'Metro UI · Issue #18 · Francis0121/dotori',NULL),(773,'Issues · Francis0121/dotori',NULL),(774,'Issues · Francis0121/dotori',NULL),(775,'Issues · Francis0121/dotori',NULL),(776,'History UI · Issue #17 · Francis0121/dotori',NULL),(777,'Issues · Francis0121/dotori',NULL),(778,'Issues · Francis0121/dotori',NULL),(779,'Issues · Francis0121/dotori',NULL),(780,'Image Filtering frameset에 있는 경우 · Issue #16 · Francis0121/dotori',NULL),(781,'Issues · Francis0121/dotori',NULL),(782,'Issues · Francis0121/dotori',NULL),(783,'Issues · Francis0121/dotori',NULL),(784,'New Issue · Francis0121/dotori',NULL),(785,'Web UI · Issue #19 · Francis0121/dotori',NULL),(786,'Issues · Francis0121/dotori',NULL),(787,'Issues · Francis0121/dotori',NULL),(788,'Issues · Francis0121/dotori',NULL),(789,'History UI · Issue #17 · Francis0121/dotori',NULL),(790,'NAVER',NULL),(791,'Peoplegate',NULL),(792,'Peoplegate',NULL),(793,'Peoplegate',NULL),(794,'Peoplegate',NULL),(795,'Peoplegate',NULL),(796,'Peoplegate',NULL),(797,'Peoplegate',NULL),(798,'Peoplegate',NULL),(799,'Peoplegate',NULL),(800,'NAVER',NULL),(801,'NAVER',NULL),(802,'NAVER',NULL),(803,'java image load from url - Google 검색',70),(804,'how to load a image from web in java - Stack Overflow',NULL),(805,'java image load from url - Google 검색',71),(806,'How can I read image from URL in Java? - Stack Overflow',NULL),(807,'java image load from url - Google 검색',72),(808,'java image pixel value - Google 검색',73),(809,'rgb - Getting pixel data from an image using java - Stack Overflow',NULL),(810,'Google',74),(811,'how to load a image from web in java - Stack Overflow',NULL),(812,'How can I read image from URL in Java? - Stack Overflow',NULL),(813,'NAVER',NULL),(814,'전체 UI 구성 · Issue #7 · Francis0121/dotori',NULL),(815,'전체 UI 구성 · Issue #7 · Francis0121/dotori',NULL),(816,'NAVER',NULL),(817,'Francis\' Epril : 네이버 블로그',NULL),(818,'Google 드라이브 - 바이러스 검사 경고',75),(819,'NAVER',NULL),(820,'NAVER',NULL),(821,'Francis\' Epril : 네이버 블로그',NULL),(822,'Francis\' Epril : 네이버 블로그',NULL),(823,'Francis\' Epril : 네이버 블로그',NULL),(824,'Francis\' Epril : 네이버 블로그',NULL),(825,'Google 드라이브 - 바이러스 검사 경고',76),(826,'Google 드라이브 - 바이러스 검사 경고',76),(827,'Google 드라이브 - 바이러스 검사 경고',76),(828,'src 추출 - Google 검색',77),(829,'PHPSCHOOL-Q&A > PHP함수 Q&A > html 소스중 img 태그의 이미지 경로만 추출하고 싶습니다.',77),(830,'src 추출 - Google 검색',77),(831,'src 추출 javascript - Google 검색',77),(832,'클래스 안에 태그의 src 추출 | 그누보드 SIR',77),(833,'src 추출 javascript - Google 검색',77),(834,'LOVAPI :: JavaScript Regex - HTML Tag내에서 이미지만 추출하기',NULL),(835,'src 추출 javascript - Google 검색',77),(836,'OKJSP: Re:정규식으로 img src=이미지경로만 가져오는것 질문드립니다.',NULL),(837,'OKJSP: Re:정규식으로 img src=이미지경로만 가져오는것 질문드립니다.',NULL),(838,'src 추출 javascript - Google 검색',77),(839,'[PHP] img 태그에서 src 값 추출하는 정규식 | 편리의 오늘스러운 이야기',NULL),(840,'Francis\' Epril : 네이버 블로그',NULL),(841,'Francis\' Epril : 네이버 블로그',NULL),(842,'Francis\' Epril : 네이버 블로그',NULL),(843,'Francis\' Epril : 네이버 블로그',NULL),(844,'Francis\' Epril : 네이버 블로그',NULL),(845,'Francis\' Epril : 네이버 블로그',NULL),(846,'Francis\' Epril : 네이버 블로그',NULL),(847,'Francis\' Epril : 네이버 블로그',NULL),(849,'Francis\' Epril : 네이버 블로그',NULL),(850,'Francis\' Epril : 네이버 블로그',NULL),(854,'Francis\' Epril : 네이버 블로그',NULL),(858,'Francis\' Epril : 네이버 블로그',NULL),(859,'사진과 프로그래밍 - [JAVA] 정규표현식, Matcher 메서드 사용방법과 그룹 개념이해',NULL),(860,'Francis\' Epril : 네이버 블로그',NULL),(861,'Francis\' Epril : 네이버 블로그',NULL),(862,'Francis\' Epril : 네이버 블로그',NULL),(863,'Francis\' Epril : 네이버 블로그',NULL),(864,'application bean get java - Google 검색',82),(865,'java spring get bean from applicationcontext - Google 검색',83),(866,'java - Getting Spring Application Context - Stack Overflow',NULL),(867,'java - Getting Spring Application Context - Stack Overflow',NULL),(868,'java spring get bean from applicationcontext - Google 검색',84),(869,'application bean get java - Google 검색',85),(870,'Francis\' Epril : 네이버 블로그',NULL),(871,'Francis\' Epril : 네이버 블로그',NULL),(872,'Francis\' Epril : 네이버 블로그',NULL),(873,'Francis\' Epril : 네이버 블로그',NULL),(874,'Francis\' Epril : 네이버 블로그',NULL),(875,'Francis\' Epril : 네이버 블로그',NULL),(876,'Google',86),(877,'how to load a image from web in java - Stack Overflow',NULL),(878,'How can I read image from URL in Java? - Stack Overflow',NULL),(879,'rgb - Getting pixel data from an image using java - Stack Overflow',NULL),(880,'Francis\' Epril : 네이버 블로그',NULL),(881,'Francis\' Epril : 네이버 블로그',NULL),(882,'Francis\' Epril : 네이버 블로그',NULL),(883,'Francis\' Epril : 네이버 블로그',NULL),(884,'metro ui - Google 검색',87),(885,'Google',88),(886,'Peoplegate',NULL),(887,'Peoplegate',NULL),(888,'Francis\' Epril : 네이버 블로그',NULL),(889,'Francis\' Epril : 네이버 블로그',NULL),(890,'Francis\' Epril : 네이버 블로그',NULL),(891,'Francis\' Epril : 네이버 블로그',NULL),(892,'사진과 프로그래밍 - [JAVA] 정규표현식, Matcher 메서드 사용방법과 그룹 개념이해',NULL),(893,'새 탭',NULL),(894,'NAVER',NULL),(895,'야구 : 네이버 스포츠',89),(896,'앨버스 첫 완봉 역투…한화, KIA 9-0 완파, 최신뉴스, 야구 : 네이버 스포츠',89),(897,'NAVER',NULL),(898,'Google',89),(899,'Google',89),(900,'노랑색 이미지 - Google 검색',89),(901,'노란색 이미지 - Google 검색',89),(902,'노란색 이미지 - Google 검색',89),(903,'노란색 이미지 - Google 검색',89),(904,'노란색 이미지 - Google 검색',89),(905,'아주 작은, 동네 이야기 :: 풀밭에 내려 앉은 태양 - 노란칸나',NULL),(906,'노란색 이미지 - Google 검색',89),(907,'노랑색 이미지 - Google 검색',89),(908,'ppt 템플릿 - Google 검색',89),(909,'[파워포인트] 무료 ppt 템플릿 피피티 배경 블로거 모음. :: eXocet',NULL),(910,'DNSEver.com 웹기반 무료 DNS 서버 (네임서버) - Free DNS',NULL),(911,'DNSEver.com 웹기반 무료 DNS 서버 (네임서버) - Free DNS',NULL),(912,'DNSEver.com 웹기반 무료 DNS 서버 (네임서버) - Free DNS',NULL),(913,'DNSEver.com 웹기반 무료 DNS 서버 (네임서버) - Free DNS',NULL),(914,'DNSEver.com 웹기반 무료 DNS 서버 (네임서버) - Free DNS',NULL),(915,'DNSEver.com 웹기반 무료 DNS 서버 (네임서버) - Free DNS',89),(916,'DNSEver.com 웹기반 무료 DNS 서버 (네임서버) - Free DNS',89);

UNLOCK TABLES;

/*Table structure for table `parsing_image` */

DROP TABLE IF EXISTS `parsing_image`;

CREATE TABLE `parsing_image` (
  `visit_pn` int(11) NOT NULL COMMENT '방문 기록 고유번호',
  `url` text COMMENT '이미지 URL',
  `width` int(5) DEFAULT NULL COMMENT '가로',
  `height` int(5) DEFAULT NULL COMMENT '세로',
  `color` tinyint(4) DEFAULT NULL COMMENT '색상',
  KEY `visit_pn` (`visit_pn`),
  CONSTRAINT `parsing_image_ibfk_1` FOREIGN KEY (`visit_pn`) REFERENCES `parsing_visit` (`pn`) ON DELETE CASCADE
) ENGINE=InnoDB DEFAULT CHARSET=utf8;

/*Data for the table `parsing_image` */

LOCK TABLES `parsing_image` WRITE;

insert  into `parsing_image`(`visit_pn`,`url`,`width`,`height`,`color`) values (292,'http://i.imgur.com/6Lo8oun.jpg',300,379,2),(292,'http://i.imgur.com/HDSAMFl.jpg',400,513,2),(292,'http://i.imgur.com/00xWxLG.png',300,385,2),(292,'http://i.imgur.com/xSiTFij.jpg',300,579,4),(292,'http://i.imgur.com/igjvRa3.jpg',300,454,2),(292,'http://i.imgur.com/A1RSOhg.jpg',550,808,3),(292,'http://i.imgur.com/Zwd7Sch.jpg',300,466,2),(292,'http://i.imgur.com/iFBSB1t.jpg',300,488,4),(293,'http://i.imgur.com/6Lo8oun.jpg',300,379,2),(293,'http://i.imgur.com/A1RSOhg.jpg',550,808,3),(293,'http://i.imgur.com/xSiTFij.jpg',300,579,4),(293,'http://i.imgur.com/HDSAMFl.jpg',400,513,2),(293,'http://i.imgur.com/00xWxLG.png',300,385,2),(293,'http://i.imgur.com/igjvRa3.jpg',300,454,2),(293,'http://i.imgur.com/Zwd7Sch.jpg',300,466,2),(293,'http://i.imgur.com/iFBSB1t.jpg',300,488,4),(294,'http://i.imgur.com/HDSAMFl.jpg',400,513,2),(294,'http://i.imgur.com/xSiTFij.jpg',300,579,4),(294,'http://i.imgur.com/6Lo8oun.jpg',300,379,2),(294,'http://i.imgur.com/00xWxLG.png',300,385,2),(294,'http://i.imgur.com/A1RSOhg.jpg',550,808,3),(294,'http://i.imgur.com/igjvRa3.jpg',300,454,2),(294,'http://i.imgur.com/Zwd7Sch.jpg',300,466,2),(294,'http://i.imgur.com/iFBSB1t.jpg',300,488,4),(302,'http://imgnews.naver.net/image/upload/item/2014/08/22/174126673_inputTemplate_895513.jpg?type=f175_110',175,110,1),(302,'http://imgnews.naver.net/image/upload/item/2014/08/22/174239071_250-170.jpg?type=f175_110',175,110,2),(302,'http://imgnews.naver.net/image/upload/item/2014/08/22/174254867_inputTemplate_895511.jpg?type=f175_110',175,110,1),(302,'http://static.news.naver.net/image/news/2009/txt_more_link.gif',33,13,2),(303,'http://imgnews.naver.net/image/news/2009/txt_gulim.gif',81,20,1),(303,'http://imgnews.naver.net/image/news/2009/txt_dotum.gif',81,20,1),(303,'http://imgnews.naver.net/image/news/2009/txt_batang.gif',81,20,1),(303,'http://imgnews.naver.net/image/news/2009/txt_malgun.gif',81,20,1),(303,'http://imgnews.naver.net/image/news/2009/txt_nanum.gif',81,20,1),(303,'http://imgnews.naver.net/image/001/2014/08/23/PYH2014063007160001300_P2_99_20140823074204.jpg',500,246,4),(304,'http://imgnews.naver.net/image/news/2009/txt_gulim.gif',81,20,1),(304,'http://imgnews.naver.net/image/news/2009/txt_dotum.gif',81,20,1),(304,'http://imgnews.naver.net/image/news/2009/txt_batang.gif',81,20,1),(304,'http://imgnews.naver.net/image/news/2009/txt_malgun.gif',81,20,1),(304,'http://imgnews.naver.net/image/news/2009/txt_nanum.gif',81,20,1),(304,'http://imgnews.naver.net/image/001/2014/08/23/PYH2014063007160001300_P2_99_20140823074204.jpg',500,246,-1),(305,'http://imgnews.naver.net/image/news/2009/txt_gulim.gif',81,20,1),(305,'http://imgnews.naver.net/image/news/2009/txt_dotum.gif',81,20,1),(305,'http://imgnews.naver.net/image/news/2009/txt_batang.gif',81,20,1),(305,'http://imgnews.naver.net/image/news/2009/txt_malgun.gif',81,20,1),(305,'http://imgnews.naver.net/image/news/2009/txt_nanum.gif',81,20,1),(305,'http://imgnews.naver.net/image/001/2014/08/23/PYH2014063007160001300_P2_99_20140823074204.jpg',500,246,-1),(306,'http://imgnews.naver.net/image/news/2009/txt_gulim.gif',81,20,1),(306,'http://imgnews.naver.net/image/news/2009/txt_dotum.gif',81,20,1),(306,'http://imgnews.naver.net/image/news/2009/txt_batang.gif',81,20,1),(306,'http://imgnews.naver.net/image/news/2009/txt_malgun.gif',81,20,1),(306,'http://imgnews.naver.net/image/news/2009/txt_nanum.gif',81,20,1),(306,'http://imgnews.naver.net/image/001/2014/08/23/PYH2014063007160001300_P2_99_20140823074204.jpg',500,246,-1),(311,'http://imgnews.naver.net/image/news/2009/txt_gulim.gif',81,20,1),(311,'http://imgnews.naver.net/image/news/2009/txt_dotum.gif',81,20,1),(311,'http://imgnews.naver.net/image/news/2009/txt_batang.gif',81,20,1),(311,'http://imgnews.naver.net/image/news/2009/txt_malgun.gif',81,20,1),(311,'http://imgnews.naver.net/image/news/2009/txt_nanum.gif',81,20,1),(311,'http://imgnews.naver.net/image/014/2014/08/23/140823_091323811_99_20140823091504.jpg',508,639,-1),(312,'http://imgnews.naver.net/image/news/2009/txt_gulim.gif',81,20,1),(312,'http://imgnews.naver.net/image/news/2009/txt_dotum.gif',81,20,1),(312,'http://imgnews.naver.net/image/news/2009/txt_batang.gif',81,20,1),(312,'http://imgnews.naver.net/image/news/2009/txt_malgun.gif',81,20,1),(312,'http://imgnews.naver.net/image/news/2009/txt_nanum.gif',81,20,1),(312,'http://imgnews.naver.net/image/014/2014/08/23/140823_091323811_99_20140823091504.jpg',508,639,-1),(313,'http://imgnews.naver.net/image/news/2009/txt_gulim.gif',81,20,1),(313,'http://imgnews.naver.net/image/news/2009/txt_dotum.gif',81,20,1),(313,'http://imgnews.naver.net/image/news/2009/txt_batang.gif',81,20,1),(313,'http://imgnews.naver.net/image/news/2009/txt_malgun.gif',81,20,1),(313,'http://imgnews.naver.net/image/news/2009/txt_nanum.gif',81,20,1),(313,'http://imgnews.naver.net/image/014/2014/08/23/140823_091323811_99_20140823091504.jpg',508,639,-1),(321,'http://i1.wp.com/wptheming.com/wp-content/uploads/2013/04/jetpack-banner.jpg?fit=720%2C999',700,190,5),(321,'http://i1.wp.com/wptheming.com/wp-content/uploads/2013/03/visual-header.jpg?resize=350%2C200',350,200,1),(322,'http://i1.wp.com/wptheming.com/wp-content/uploads/2013/04/jetpack-banner.jpg?fit=720%2C999',700,190,5),(322,'http://i1.wp.com/wptheming.com/wp-content/uploads/2013/03/visual-header.jpg?resize=350%2C200',350,200,1),(323,'http://i1.wp.com/wptheming.com/wp-content/uploads/2013/04/jetpack-banner.jpg?fit=720%2C999',700,190,5),(324,'http://i1.wp.com/wptheming.com/wp-content/uploads/2013/04/jetpack-banner.jpg?fit=720%2C999',700,190,5),(324,'http://i1.wp.com/wptheming.com/wp-content/uploads/2013/03/visual-header.jpg?resize=350%2C200',350,200,1),(327,'http://cfile26.uf.tistory.com/image/24550E4953968CDF1813D6',730,547,4),(327,'http://cfile22.uf.tistory.com/image/2640834953968CE006CF3A',730,547,2),(327,'http://cfile8.uf.tistory.com/image/2252E94953968CE0170883',730,547,2),(327,'http://cfile9.uf.tistory.com/image/250E025053968D930DB829',730,547,7),(327,'http://cfile2.uf.tistory.com/image/2719D45053968D940AD06E',730,547,3),(327,'http://cfile28.uf.tistory.com/image/2328A45053968D9409A23A',730,547,3),(327,'http://cfile3.uf.tistory.com/image/2357734E53968EED38D839',730,547,7),(327,'http://cfile28.uf.tistory.com/image/26516B4253968F872673AD',650,488,2),(327,'http://cfile6.uf.tistory.com/image/2672084253968F8734EF0D',650,488,2),(327,'http://cfile10.uf.tistory.com/image/222A894253968F872A8B70',650,488,2),(327,'http://cfile2.uf.tistory.com/image/220BAB3C5396906207E62B',730,547,5),(327,'http://cfile30.uf.tistory.com/image/2603573C539690610802D0',730,547,5),(327,'http://cfile21.uf.tistory.com/image/2218343C5396906218C6BE',730,547,5),(327,'http://cfile5.uf.tistory.com/image/2559B84E53968EEF0E3175',730,547,7),(327,'http://cfile26.uf.tistory.com/image/2146CC4B5396959F0BF661',730,505,4),(327,'http://cfile7.uf.tistory.com/image/2766404E53968EEE0D57F7',730,547,7),(327,'http://cfile9.uf.tistory.com/image/265D3F4B539695A0071629',730,505,2),(327,'http://cfile29.uf.tistory.com/image/2231964B5396959F242B02',730,505,2),(327,'http://i1.daumcdn.net/cfs.tistory/v/0/static/admin/editor/ccl_black01.png',15,15,3),(327,'http://cfile29.uf.tistory.com/image/24559047539694483188C3',730,1030,2),(327,'http://cfile4.uf.tistory.com/image/242E354E5396979A129446',730,410,1),(327,'http://i1.daumcdn.net/cfs.tistory/v/0/static/admin/editor/ccl_black02.png',15,15,3),(327,'http://cfile2.uf.tistory.com/image/26017F4E539697970230A3',730,410,3),(327,'http://cfile6.uf.tistory.com/image/241FFC4E53969799156622',730,410,1),(327,'http://i1.daumcdn.net/cfs.tistory/v/0/static/admin/editor/ccl_black04.png',15,15,3),(327,'http://cfile24.uf.tistory.com/image/254D654D53968B9A1B6398',730,486,1),(327,'http://cfile7.uf.tistory.com/image/226D9647539694472EFE26',730,1052,2),(327,'http://cfile30.uf.tistory.com/image/262582475396944925DF1B',730,1029,2),(327,'http://i.creativecommons.org/l/by-nc-nd/2.0/kr/88x31.png',88,31,1),(329,'http://cfile26.uf.tistory.com/image/24550E4953968CDF1813D6',730,547,4),(329,'http://cfile22.uf.tistory.com/image/2640834953968CE006CF3A',730,547,2),(329,'http://cfile8.uf.tistory.com/image/2252E94953968CE0170883',730,547,2),(329,'http://cfile9.uf.tistory.com/image/250E025053968D930DB829',730,547,7),(329,'http://cfile2.uf.tistory.com/image/2719D45053968D940AD06E',730,547,3),(329,'http://cfile28.uf.tistory.com/image/2328A45053968D9409A23A',730,547,3),(329,'http://cfile3.uf.tistory.com/image/2357734E53968EED38D839',730,547,7),(329,'http://cfile7.uf.tistory.com/image/2766404E53968EEE0D57F7',730,547,7),(329,'http://cfile5.uf.tistory.com/image/2559B84E53968EEF0E3175',730,547,7),(329,'http://cfile28.uf.tistory.com/image/26516B4253968F872673AD',650,488,2),(329,'http://cfile6.uf.tistory.com/image/2672084253968F8734EF0D',650,488,2),(329,'http://cfile10.uf.tistory.com/image/222A894253968F872A8B70',650,488,2),(329,'http://cfile30.uf.tistory.com/image/2603573C539690610802D0',730,547,5),(329,'http://cfile21.uf.tistory.com/image/2218343C5396906218C6BE',730,547,5),(329,'http://cfile2.uf.tistory.com/image/220BAB3C5396906207E62B',730,547,5),(329,'http://cfile26.uf.tistory.com/image/2146CC4B5396959F0BF661',730,505,4),(329,'http://cfile29.uf.tistory.com/image/2231964B5396959F242B02',730,505,2),(329,'http://cfile9.uf.tistory.com/image/265D3F4B539695A0071629',730,505,2),(329,'http://cfile2.uf.tistory.com/image/26017F4E539697970230A3',730,410,3),(329,'http://cfile6.uf.tistory.com/image/241FFC4E53969799156622',730,410,1),(329,'http://cfile4.uf.tistory.com/image/242E354E5396979A129446',730,410,1),(329,'http://cfile7.uf.tistory.com/image/226D9647539694472EFE26',730,1052,2),(329,'http://cfile29.uf.tistory.com/image/24559047539694483188C3',730,1030,2),(329,'http://cfile30.uf.tistory.com/image/262582475396944925DF1B',730,1029,2),(329,'http://cfile24.uf.tistory.com/image/254D654D53968B9A1B6398',730,486,1),(329,'http://i1.daumcdn.net/cfs.tistory/v/0/static/admin/editor/ccl_black01.png',15,15,3),(329,'http://i1.daumcdn.net/cfs.tistory/v/0/static/admin/editor/ccl_black02.png',15,15,3),(329,'http://i1.daumcdn.net/cfs.tistory/v/0/static/admin/editor/ccl_black04.png',15,15,3),(329,'http://i.creativecommons.org/l/by-nc-nd/2.0/kr/88x31.png',88,31,1),(330,'http://cfile26.uf.tistory.com/image/24550E4953968CDF1813D6',730,547,4),(330,'http://cfile22.uf.tistory.com/image/2640834953968CE006CF3A',730,547,2),(330,'http://cfile8.uf.tistory.com/image/2252E94953968CE0170883',730,547,2),(330,'http://cfile9.uf.tistory.com/image/250E025053968D930DB829',730,547,7),(330,'http://cfile2.uf.tistory.com/image/2719D45053968D940AD06E',730,547,3),(330,'http://cfile28.uf.tistory.com/image/2328A45053968D9409A23A',730,547,3),(330,'http://cfile3.uf.tistory.com/image/2357734E53968EED38D839',730,547,7),(330,'http://cfile7.uf.tistory.com/image/2766404E53968EEE0D57F7',730,547,7),(330,'http://cfile5.uf.tistory.com/image/2559B84E53968EEF0E3175',730,547,7),(330,'http://cfile28.uf.tistory.com/image/26516B4253968F872673AD',650,488,2),(330,'http://cfile6.uf.tistory.com/image/2672084253968F8734EF0D',650,488,2),(330,'http://cfile10.uf.tistory.com/image/222A894253968F872A8B70',650,488,2),(330,'http://cfile30.uf.tistory.com/image/2603573C539690610802D0',730,547,5),(330,'http://cfile21.uf.tistory.com/image/2218343C5396906218C6BE',730,547,5),(330,'http://cfile2.uf.tistory.com/image/220BAB3C5396906207E62B',730,547,5),(330,'http://cfile26.uf.tistory.com/image/2146CC4B5396959F0BF661',730,505,4),(330,'http://cfile29.uf.tistory.com/image/2231964B5396959F242B02',730,505,2),(330,'http://cfile9.uf.tistory.com/image/265D3F4B539695A0071629',730,505,2),(330,'http://cfile2.uf.tistory.com/image/26017F4E539697970230A3',730,410,3),(330,'http://cfile6.uf.tistory.com/image/241FFC4E53969799156622',730,410,1),(330,'http://cfile4.uf.tistory.com/image/242E354E5396979A129446',730,410,1),(330,'http://cfile7.uf.tistory.com/image/226D9647539694472EFE26',730,1052,2),(330,'http://cfile29.uf.tistory.com/image/24559047539694483188C3',730,1030,2),(330,'http://cfile30.uf.tistory.com/image/262582475396944925DF1B',730,1029,2),(330,'http://cfile24.uf.tistory.com/image/254D654D53968B9A1B6398',730,486,1),(330,'http://i1.daumcdn.net/cfs.tistory/v/0/static/admin/editor/ccl_black01.png',15,15,3),(330,'http://i1.daumcdn.net/cfs.tistory/v/0/static/admin/editor/ccl_black02.png',15,15,3),(330,'http://i1.daumcdn.net/cfs.tistory/v/0/static/admin/editor/ccl_black04.png',15,15,3),(330,'http://i.creativecommons.org/l/by-nc-nd/2.0/kr/88x31.png',88,31,1),(331,'http://cfile26.uf.tistory.com/image/24550E4953968CDF1813D6',730,547,4),(331,'http://cfile22.uf.tistory.com/image/2640834953968CE006CF3A',730,547,2),(331,'http://cfile8.uf.tistory.com/image/2252E94953968CE0170883',730,547,2),(331,'http://cfile9.uf.tistory.com/image/250E025053968D930DB829',730,547,7),(331,'http://cfile2.uf.tistory.com/image/2719D45053968D940AD06E',730,547,3),(331,'http://cfile28.uf.tistory.com/image/2328A45053968D9409A23A',730,547,3),(331,'http://cfile3.uf.tistory.com/image/2357734E53968EED38D839',730,547,7),(331,'http://cfile7.uf.tistory.com/image/2766404E53968EEE0D57F7',730,547,7),(331,'http://cfile5.uf.tistory.com/image/2559B84E53968EEF0E3175',730,547,7),(331,'http://cfile28.uf.tistory.com/image/26516B4253968F872673AD',650,488,2),(331,'http://cfile6.uf.tistory.com/image/2672084253968F8734EF0D',650,488,2),(331,'http://cfile10.uf.tistory.com/image/222A894253968F872A8B70',650,488,2),(331,'http://cfile30.uf.tistory.com/image/2603573C539690610802D0',730,547,5),(331,'http://cfile21.uf.tistory.com/image/2218343C5396906218C6BE',730,547,5),(331,'http://cfile2.uf.tistory.com/image/220BAB3C5396906207E62B',730,547,5),(331,'http://cfile26.uf.tistory.com/image/2146CC4B5396959F0BF661',730,505,4),(331,'http://cfile29.uf.tistory.com/image/2231964B5396959F242B02',730,505,2),(331,'http://cfile9.uf.tistory.com/image/265D3F4B539695A0071629',730,505,2),(331,'http://cfile2.uf.tistory.com/image/26017F4E539697970230A3',730,410,3),(331,'http://cfile6.uf.tistory.com/image/241FFC4E53969799156622',730,410,1),(331,'http://cfile4.uf.tistory.com/image/242E354E5396979A129446',730,410,1),(331,'http://cfile7.uf.tistory.com/image/226D9647539694472EFE26',730,1052,2),(331,'http://cfile29.uf.tistory.com/image/24559047539694483188C3',730,1030,2),(331,'http://cfile30.uf.tistory.com/image/262582475396944925DF1B',730,1029,2),(331,'http://cfile24.uf.tistory.com/image/254D654D53968B9A1B6398',730,486,1),(331,'http://i1.daumcdn.net/cfs.tistory/v/0/static/admin/editor/ccl_black01.png',15,15,3),(331,'http://i1.daumcdn.net/cfs.tistory/v/0/static/admin/editor/ccl_black02.png',15,15,3),(331,'http://i1.daumcdn.net/cfs.tistory/v/0/static/admin/editor/ccl_black04.png',15,15,3),(331,'http://i.creativecommons.org/l/by-nc-nd/2.0/kr/88x31.png',88,31,1),(332,'http://cfile26.uf.tistory.com/image/24550E4953968CDF1813D6',730,547,4),(332,'http://cfile22.uf.tistory.com/image/2640834953968CE006CF3A',730,547,2),(332,'http://cfile8.uf.tistory.com/image/2252E94953968CE0170883',730,547,2),(332,'http://cfile9.uf.tistory.com/image/250E025053968D930DB829',730,547,7),(332,'http://cfile2.uf.tistory.com/image/2719D45053968D940AD06E',730,547,3),(332,'http://cfile28.uf.tistory.com/image/2328A45053968D9409A23A',730,547,3),(332,'http://cfile3.uf.tistory.com/image/2357734E53968EED38D839',730,547,7),(332,'http://cfile7.uf.tistory.com/image/2766404E53968EEE0D57F7',730,547,7),(332,'http://cfile5.uf.tistory.com/image/2559B84E53968EEF0E3175',730,547,7),(332,'http://cfile28.uf.tistory.com/image/26516B4253968F872673AD',650,488,2),(332,'http://cfile6.uf.tistory.com/image/2672084253968F8734EF0D',650,488,2),(332,'http://cfile10.uf.tistory.com/image/222A894253968F872A8B70',650,488,2),(332,'http://cfile30.uf.tistory.com/image/2603573C539690610802D0',730,547,5),(332,'http://cfile21.uf.tistory.com/image/2218343C5396906218C6BE',730,547,5),(332,'http://cfile2.uf.tistory.com/image/220BAB3C5396906207E62B',730,547,5),(332,'http://cfile26.uf.tistory.com/image/2146CC4B5396959F0BF661',730,505,4),(332,'http://cfile29.uf.tistory.com/image/2231964B5396959F242B02',730,505,2),(332,'http://cfile9.uf.tistory.com/image/265D3F4B539695A0071629',730,505,2),(332,'http://cfile2.uf.tistory.com/image/26017F4E539697970230A3',730,410,3),(332,'http://cfile6.uf.tistory.com/image/241FFC4E53969799156622',730,410,1),(332,'http://cfile4.uf.tistory.com/image/242E354E5396979A129446',730,410,1),(332,'http://cfile7.uf.tistory.com/image/226D9647539694472EFE26',730,1052,2),(332,'http://cfile29.uf.tistory.com/image/24559047539694483188C3',730,1030,2),(332,'http://cfile30.uf.tistory.com/image/262582475396944925DF1B',730,1029,2),(332,'http://cfile24.uf.tistory.com/image/254D654D53968B9A1B6398',730,486,1),(332,'http://i1.daumcdn.net/cfs.tistory/v/0/static/admin/editor/ccl_black01.png',15,15,3),(332,'http://i1.daumcdn.net/cfs.tistory/v/0/static/admin/editor/ccl_black02.png',15,15,3),(332,'http://i1.daumcdn.net/cfs.tistory/v/0/static/admin/editor/ccl_black04.png',15,15,3),(332,'http://i.creativecommons.org/l/by-nc-nd/2.0/kr/88x31.png',88,31,1),(363,'http://i.inoblogger.ru/wp-content/uploads/2012/05/facebook-phone.jpg',300,196,1),(363,'http://i.inoblogger.ru/wp-content/uploads/2012/05/samsung-galaxy-note1-300x224.jpg',300,224,1),(363,'http://i.inoblogger.ru/wp-content/uploads/2012/05/rudy-krolopp1-300x339.jpg',300,339,3),(363,'http://i.inoblogger.ru/wp-content/uploads/2012/05/mobile_apps1-300x229.jpg',300,229,2),(363,'http://i.inoblogger.ru/wp-content/uploads/2012/05/Metro-Windows-81-300x187.jpg',300,187,1),(363,'http://i.inoblogger.ru/wp-content/uploads/2012/05/facebook-nichols-300x158.jpg',300,158,2),(363,'http://i.inoblogger.ru/wp-content/uploads/2012/05/iphone-4s-vs-samsung-galaxy-nexus1-300x225.jpg',300,225,2),(363,'http://i.inoblogger.ru/wp-content/uploads/2012/05/jackson-siri-300x168.jpg',300,168,3),(363,'http://i.inoblogger.ru/wp-content/uploads/2012/05/Firefox-for-windows-8-metro1-300x214.jpg',300,214,4),(363,'http://i.inoblogger.ru/wp-content/uploads/2012/05/istock_000004565185xsmall1-300x225.jpg',300,225,2),(364,'http://i.inoblogger.ru/wp-content/uploads/2012/05/Metro-Windows-81.jpg',800,500,1),(368,'http://th00.deviantart.net/fs71/200H/f/2011/160/e/3/genuine_ms_windows8_wallpaper_by_rgontwerp-d3ighwi.jpg',300,188,8),(368,'http://th02.deviantart.net/fs70/200H/f/2011/160/b/e/windows_8_black_by_rgontwerp-d3igxvg.jpg',300,188,1),(368,'http://th08.deviantart.net/fs70/200H/f/2011/123/3/0/genuine_windows_metro_logo_by_rgontwerp-d3fhdbi.png',300,198,1),(368,'http://th07.deviantart.net/fs71/200H/f/2011/146/7/d/windows_metro_logo_by_rgontwerp-d3h98cr.jpg',300,188,1),(368,'http://th01.deviantart.net/fs71/200H/f/2011/112/8/1/windows_8_m3_wallpaper_by_rgontwerp-d3elqnl.png',300,188,1),(368,'http://th09.deviantart.net/fs70/200H/f/2011/109/5/a/windows_8_zune_wallpaper_by_rgontwerp-d3ecxk0.png',300,188,1),(368,'http://th06.deviantart.net/fs70/200H/f/2011/123/3/9/windows_8_metro_ui_genuine_by_rgontwerp-d3fh98b.png',300,188,2),(368,'http://th01.deviantart.net/fs70/200H/f/2011/157/a/d/microsoft_metro_ui_rg_website_by_rgontwerp-d3i7ncw.png',300,167,1),(368,'http://th07.deviantart.net/fs70/200H/i/2011/149/5/b/windows_8_metro_bubles_by_vinis13-d3hjhar.png',300,188,7),(368,'http://th04.deviantart.net/fs70/200H/i/2011/175/c/8/angry_birds__black__by_letyi-d3jtdsj.jpg',300,200,2),(368,'http://th01.deviantart.net/fs70/200H/f/2012/055/a/2/windows_8_wallpaper_by_rollingtombstone-d4qswos.jpg',300,188,2),(368,'http://th09.deviantart.net/fs70/200H/i/2011/256/2/0/windows_8_box_art_professional_by_randydorney-d49qnnd.jpg',267,200,8),(368,'http://th07.deviantart.net/fs70/200H/i/2010/115/f/8/Sticky_Wallpaper_by_ph03nyX.jpg',267,200,2),(368,'http://th08.deviantart.net/fs70/200H/i/2011/173/e/9/wallpaper_windows_8_by_win7desk-d3job1j.jpg',300,188,8),(368,'http://th00.deviantart.net/fs70/200H/i/2011/171/0/2/big_droplets_by_miatari-d3jh672.jpg',278,200,3),(368,'http://th04.deviantart.net/fs70/200H/i/2012/078/d/6/mnml_skull_by_kiko11-d47o3bd.jpg',299,180,2),(368,'http://th02.deviantart.net/fs70/200H/i/2010/229/5/8/Typographic_Rock_by_xxmsrockxx.jpg',171,199,3),(368,'http://st.deviantart.net/styles/minimal/minish/spitbite/cclogo.png',32,32,1),(368,'http://th03.deviantart.net/fs71/150/f/2011/157/1/7/genuine_leaked_metro_wallpaper_by_rgontwerp-d3i7732.jpg',150,94,1),(368,'http://a.deviantart.net/avatars/r/g/rgontwerp.png?3',50,50,5),(368,'http://a.deviantart.net/avatars/t/e/telmo7.jpg?4',50,50,2),(368,'http://th04.deviantart.net/fs71/PRE/f/2011/157/1/7/genuine_leaked_metro_wallpaper_by_rgontwerp-d3i7732.jpg',1131,707,1),(368,'http://a.deviantart.net/avatars/c/o/computerdummy5.gif?4',50,50,1),(368,'http://a.deviantart.net/avatars/f/e/feezjoe22.png?6',50,50,3),(368,'http://fc02.deviantart.net/fs71/f/2011/157/1/7/genuine_leaked_metro_wallpaper_by_rgontwerp-d3i7732.jpg',1920,1200,1),(369,'http://th00.deviantart.net/fs71/200H/f/2011/160/e/3/genuine_ms_windows8_wallpaper_by_rgontwerp-d3ighwi.jpg',300,188,8),(369,'http://th02.deviantart.net/fs70/200H/f/2011/160/b/e/windows_8_black_by_rgontwerp-d3igxvg.jpg',300,188,1),(369,'http://th08.deviantart.net/fs70/200H/f/2011/123/3/0/genuine_windows_metro_logo_by_rgontwerp-d3fhdbi.png',300,198,1),(369,'http://th07.deviantart.net/fs71/200H/f/2011/146/7/d/windows_metro_logo_by_rgontwerp-d3h98cr.jpg',300,188,1),(369,'http://th01.deviantart.net/fs71/200H/f/2011/112/8/1/windows_8_m3_wallpaper_by_rgontwerp-d3elqnl.png',300,188,1),(369,'http://th09.deviantart.net/fs70/200H/f/2011/109/5/a/windows_8_zune_wallpaper_by_rgontwerp-d3ecxk0.png',300,188,1),(369,'http://th06.deviantart.net/fs70/200H/f/2011/123/3/9/windows_8_metro_ui_genuine_by_rgontwerp-d3fh98b.png',300,188,2),(369,'http://th01.deviantart.net/fs70/200H/f/2011/157/a/d/microsoft_metro_ui_rg_website_by_rgontwerp-d3i7ncw.png',300,167,1),(369,'http://th07.deviantart.net/fs70/200H/i/2011/149/5/b/windows_8_metro_bubles_by_vinis13-d3hjhar.png',300,188,7),(369,'http://th04.deviantart.net/fs70/200H/i/2011/175/c/8/angry_birds__black__by_letyi-d3jtdsj.jpg',300,200,2),(369,'http://th01.deviantart.net/fs70/200H/f/2012/055/a/2/windows_8_wallpaper_by_rollingtombstone-d4qswos.jpg',300,188,2),(369,'http://th09.deviantart.net/fs70/200H/i/2011/256/2/0/windows_8_box_art_professional_by_randydorney-d49qnnd.jpg',267,200,8),(369,'http://th07.deviantart.net/fs70/200H/i/2010/115/f/8/Sticky_Wallpaper_by_ph03nyX.jpg',267,200,2),(369,'http://th08.deviantart.net/fs70/200H/i/2011/173/e/9/wallpaper_windows_8_by_win7desk-d3job1j.jpg',300,188,8),(369,'http://th00.deviantart.net/fs70/200H/i/2011/171/0/2/big_droplets_by_miatari-d3jh672.jpg',278,200,3),(369,'http://th04.deviantart.net/fs70/200H/i/2012/078/d/6/mnml_skull_by_kiko11-d47o3bd.jpg',299,180,2),(369,'http://th02.deviantart.net/fs70/200H/i/2010/229/5/8/Typographic_Rock_by_xxmsrockxx.jpg',171,199,3),(369,'http://st.deviantart.net/styles/minimal/minish/spitbite/cclogo.png',32,32,1),(369,'http://th03.deviantart.net/fs71/150/f/2011/157/1/7/genuine_leaked_metro_wallpaper_by_rgontwerp-d3i7732.jpg',150,94,1),(369,'http://th04.deviantart.net/fs71/PRE/f/2011/157/1/7/genuine_leaked_metro_wallpaper_by_rgontwerp-d3i7732.jpg',1131,707,1),(369,'http://th00.deviantart.net/fs70/PRE/f/2011/157/a/d/microsoft_metro_ui_rg_website_by_rgontwerp-d3i7ncw.png',1197,667,1),(369,'http://fc02.deviantart.net/fs71/f/2011/157/1/7/genuine_leaked_metro_wallpaper_by_rgontwerp-d3i7732.jpg',1920,1200,1),(369,'http://a.deviantart.net/avatars/r/g/rgontwerp.png?3',50,50,5),(369,'http://a.deviantart.net/avatars/t/e/telmo7.jpg?4',50,50,2),(369,'http://a.deviantart.net/avatars/c/o/computerdummy5.gif?4',50,50,1),(369,'http://a.deviantart.net/avatars/f/e/feezjoe22.png?6',50,50,3),(369,'http://fc09.deviantart.net/fs70/f/2011/157/a/d/microsoft_metro_ui_rg_website_by_rgontwerp-d3i7ncw.png',1577,879,1),(375,'http://fc09.deviantart.net/fs70/f/2011/157/a/d/microsoft_metro_ui_rg_website_by_rgontwerp-d3i7ncw.png',1577,879,1),(385,'https://encrypted-tbn1.gstatic.com/images?q=tbn:ANd9GcR1Bhm9fBA7uWidzk8zg0a9pKHUePrz5neytd5AdxmfnSNS1qbU',300,168,1),(396,'http://cfile27.uf.tistory.com/image/233EBE3351B0521105514C',500,259,8),(396,'http://cfile3.uf.tistory.com/image/2768533351B05437379007',535,327,7),(396,'http://i1.daumcdn.net/cfs.tistory/v/0/static/admin/editor/ccl_black01.png',15,15,3),(396,'http://i1.daumcdn.net/cfs.tistory/v/0/static/admin/editor/ccl_black02.png',15,15,3),(396,'http://cfile10.uf.tistory.com/image/266E223C51B3B0C328EE4E',170,479,1),(396,'http://cfile22.uf.tistory.com/image/264AC93651B05575150479',314,582,-1),(396,'http://cfile25.uf.tistory.com/image/021B7E3851B056D028C709',380,349,-1),(396,'http://cfile28.uf.tistory.com/image/27764F3651B057740671EA',281,670,-1),(396,'http://cfile22.uf.tistory.com/image/2465A43A51B059FC076413',286,45,-1),(396,'http://cfile24.uf.tistory.com/image/234C6F3B51B05A2917A6C5',286,45,-1),(396,'http://cfile1.uf.tistory.com/image/0218B13851B0594C309A9E',628,597,-1),(396,'http://cfile29.uf.tistory.com/image/2159693451B05ACF209ACD',543,616,-1),(396,'http://cfile1.uf.tistory.com/image/2537C63751B05B0F2345DC',592,527,-1),(396,'http://cfile24.uf.tistory.com/image/2722033951B05C032CC6AE',535,327,-1),(396,'http://cfile21.uf.tistory.com/image/2162043451B0589613A935',631,621,-1),(396,'http://cfile4.uf.tistory.com/image/0135203B51B05C4D2762FA',585,253,-1),(396,'http://i1.daumcdn.net/cfs.tistory/v/0/static/admin/editor/ccl_black03.png',15,15,3),(396,'http://cfile22.uf.tistory.com/image/0214363951B05D3B348084',700,391,-1),(396,'http://cfile6.uf.tistory.com/image/024A1D3451B0582519C6AD',651,598,-1),(403,'http://metroui.org.ua//images/spface.jpg',749,540,-1),(403,'http://metroui.org.ua//images/spface.jpg',749,540,-1),(403,'http://metroui.org.ua//images/spface.jpg',749,540,-1),(403,'http://metroui.org.ua//images/spface.jpg',749,540,-1),(404,'http://metroui.org.ua//images/spface.jpg',749,540,-1),(404,'http://metroui.org.ua//images/spface.jpg',749,540,-1),(404,'http://metroui.org.ua//images/spface.jpg',749,540,-1),(404,'http://metroui.org.ua//images/spface.jpg',749,540,-1),(405,'http://metroui.org.ua/images/1.jpg',600,375,-1),(405,'http://metroui.org.ua/images/1.jpg',600,375,-1),(405,'http://metroui.org.ua/images/1.jpg',600,375,-1),(405,'http://metroui.org.ua/images/1.jpg',600,375,-1),(405,'http://metroui.org.ua/images/1.jpg',600,375,-1),(405,'http://metroui.org.ua/images/2.jpg',600,375,-1),(405,'http://metroui.org.ua/images/2.jpg',600,375,-1),(405,'http://metroui.org.ua/images/2.jpg',600,375,-1),(405,'http://metroui.org.ua/images/2.jpg',600,375,-1),(405,'http://metroui.org.ua/images/2.jpg',600,375,-1),(405,'http://metroui.org.ua/images/3.jpg',600,375,-1),(405,'http://metroui.org.ua/images/3.jpg',600,375,-1),(405,'http://metroui.org.ua/images/3.jpg',600,375,-1),(405,'http://metroui.org.ua/images/3.jpg',600,375,-1),(405,'http://metroui.org.ua/images/3.jpg',600,375,-1),(405,'http://metroui.org.ua/images/jeki_chan.jpg',300,300,-1),(405,'http://metroui.org.ua/images/jeki_chan.jpg',300,300,-1),(405,'http://metroui.org.ua/images/jeki_chan.jpg',300,300,-1),(405,'http://metroui.org.ua/images/jeki_chan.jpg',300,300,-1),(405,'http://metroui.org.ua/images/jeki_chan.jpg',300,300,-1),(405,'http://metroui.org.ua/images/jek_vorobey.jpg',300,300,-1),(405,'http://metroui.org.ua/images/jek_vorobey.jpg',300,300,-1),(405,'http://metroui.org.ua/images/jek_vorobey.jpg',300,300,-1),(405,'http://metroui.org.ua/images/jek_vorobey.jpg',300,300,-1),(405,'http://metroui.org.ua/images/jek_vorobey.jpg',300,300,-1),(406,'http://metroui.org.ua//images/spface.jpg',749,540,-1),(406,'http://metroui.org.ua//images/spface.jpg',749,540,-1),(406,'http://metroui.org.ua//images/spface.jpg',749,540,-1),(406,'http://metroui.org.ua//images/spface.jpg',749,540,-1),(415,'http://www.hdwallpapers.in/walls/abstract_color_background_picture_8016-wide.jpg',1920,1200,7),(417,'http://manos.malihu.gr/wp-content/uploads/2012/07/jQuery-custom-content-scroller-v2-fm.png',400,290,1),(417,'http://manos.malihu.gr/wp-content/uploads/2012/07/scrollbar_layout.png',400,560,1),(418,'http://manos.malihu.gr/wp-content/uploads/2010/09/Style-my-tooltips-fm.png',400,180,3),(418,'http://manos.malihu.gr/wp-content/uploads/2012/07/jQuery-custom-content-scroller-v2-fm.png',400,290,1),(418,'http://manos.malihu.gr/wp-content/uploads/2010/07/jQuery-thumbnail-scroller-fm.jpg',400,200,2),(418,'http://manos.malihu.gr/wp-content/uploads/2010/07/Slidebox-jquery-banner-rotator-fm.jpg',400,220,4),(419,'http://manos.malihu.gr/wp-content/uploads/2012/07/jQuery-custom-content-scroller-v2-fm.png',400,290,1),(419,'http://manos.malihu.gr/wp-content/uploads/2012/07/scrollbar_layout.png',400,560,1),(423,'http://manos.malihu.gr/wp-content/uploads/2012/07/jQuery-custom-content-scroller-v2-fm.png',400,290,1),(423,'http://manos.malihu.gr/wp-content/uploads/2012/07/scrollbar_layout.png',400,560,1),(424,'http://manos.malihu.gr/wp-content/uploads/2010/12/cursor-following-menu-fm.png',400,260,7),(424,'http://manos.malihu.gr/wp-content/uploads/2010/09/SIDEWAYS-jQuery-fullscreen-image-gallery-fm.jpg',400,280,1),(424,'http://manos.malihu.gr/wp-content/uploads/2010/09/Simple-jQuery-fullscreen-image-gallery-fm.jpg',400,240,1),(424,'http://manos.malihu.gr/wp-content/uploads/2010/08/FluidGrid-flash-image-gallery-fm.jpg',400,240,1),(425,'http://manos.malihu.gr/wp-content/uploads/2010/09/Style-my-tooltips-fm.png',400,180,3),(425,'http://manos.malihu.gr/wp-content/uploads/2012/07/jQuery-custom-content-scroller-v2-fm.png',400,290,1),(425,'http://manos.malihu.gr/wp-content/uploads/2010/07/jQuery-thumbnail-scroller-fm.jpg',400,200,2),(425,'http://manos.malihu.gr/wp-content/uploads/2010/07/Slidebox-jquery-banner-rotator-fm.jpg',400,220,4),(427,'http://manos.malihu.gr/wp-content/uploads/2010/09/Style-my-tooltips-fm.png',400,180,3),(427,'http://manos.malihu.gr/wp-content/uploads/2012/07/jQuery-custom-content-scroller-v2-fm.png',400,290,1),(427,'http://manos.malihu.gr/wp-content/uploads/2010/07/jQuery-thumbnail-scroller-fm.jpg',400,200,2),(427,'http://manos.malihu.gr/wp-content/uploads/2010/07/Slidebox-jquery-banner-rotator-fm.jpg',400,220,4),(428,'http://manos.malihu.gr/wp-content/uploads/2012/07/jQuery-custom-content-scroller-v2-fm.png',400,290,1),(428,'http://manos.malihu.gr/wp-content/uploads/2012/07/scrollbar_layout.png',400,560,1),(439,'http://dthumb.phinf.naver.net/?src=http://sports.phinf.naver.net//20140818_188/1408287903230fN4Pm_JPEG/0824_%B9%DA%C0%E7%C8%AB%2C_%C5%EB%BB%EA_7%B9%F8%C2%B0_900%C5%B8%C1%A1.jpg&twidth=149&theight=83&opts=8&qlt=95&noimage=sp3',149,83,2),(439,'http://dthumb.phinf.naver.net/?src=http://sports.phinf.naver.net//20140813_244/1407894989078JE8d1_JPEG/0823_%C0%B1%BC%AE%B9%CE%2C_%C3%B5%B1%DD%B0%B0%C0%BA_%B3%A1%B3%BB%B1%E2_%BC%D6%B7%CE_%C8%A8%B7%B1.jpg&twidth=149&theight=83&opts=8&qlt=95&noimage=sp3',149,83,2),(439,'http://dthumb.phinf.naver.net/?src=http://sports.phinf.naver.net//20140813_37/1407893980132QD1uC_JPEG/0822_%C1%A4%B1%D9%BF%EC%2C_%BF%AC%C0%E5_%B3%A1%B3%BB%B1%E2_%BD%BA%C4%FB%C1%EE.jpg&twidth=149&theight=83&opts=8&qlt=95&noimage=sp3',149,83,2),(439,'http://dthumb.phinf.naver.net/?src=http://sports.phinf.naver.net//20140813_228/1407893797368e3FLg_JPEG/0821_%BC%DB%C3%A2%BD%C4_2%2C573%C0%CF_%B8%B8%C0%C7_%BC%B1%B9%DF%BD%C2.jpg&twidth=149&theight=83&opts=8&qlt=95&noimage=sp3',149,83,2),(440,'http://imgnews.naver.net/image/109/2014/08/24/201408221857777690_53f7141f6a757_99_20140824132003.jpg',530,645,6),(440,'http://imgnews.naver.com/image/news/2004n/bu_arrow02.gif',7,4,3),(440,'http://imgnews.naver.com/image/news/2004n/bu_arrow03.gif',7,4,3),(440,'http://imgnews.naver.com/image/sports/2006/section/btit04.gif',57,15,2),(441,'http://dthumb.phinf.naver.net/?src=http://sports.phinf.naver.net//20140818_188/1408287903230fN4Pm_JPEG/0824_%B9%DA%C0%E7%C8%AB%2C_%C5%EB%BB%EA_7%B9%F8%C2%B0_900%C5%B8%C1%A1.jpg&twidth=149&theight=83&opts=8&qlt=95&noimage=sp3',149,83,2),(441,'http://dthumb.phinf.naver.net/?src=http://sports.phinf.naver.net//20140813_244/1407894989078JE8d1_JPEG/0823_%C0%B1%BC%AE%B9%CE%2C_%C3%B5%B1%DD%B0%B0%C0%BA_%B3%A1%B3%BB%B1%E2_%BC%D6%B7%CE_%C8%A8%B7%B1.jpg&twidth=149&theight=83&opts=8&qlt=95&noimage=sp3',149,83,2),(441,'http://dthumb.phinf.naver.net/?src=http://sports.phinf.naver.net//20140813_37/1407893980132QD1uC_JPEG/0822_%C1%A4%B1%D9%BF%EC%2C_%BF%AC%C0%E5_%B3%A1%B3%BB%B1%E2_%BD%BA%C4%FB%C1%EE.jpg&twidth=149&theight=83&opts=8&qlt=95&noimage=sp3',149,83,2),(441,'http://dthumb.phinf.naver.net/?src=http://sports.phinf.naver.net//20140813_228/1407893797368e3FLg_JPEG/0821_%BC%DB%C3%A2%BD%C4_2%2C573%C0%CF_%B8%B8%C0%C7_%BC%B1%B9%DF%BD%C2.jpg&twidth=149&theight=83&opts=8&qlt=95&noimage=sp3',149,83,2),(442,'http://dthumb.phinf.naver.net/?src=http://sports.phinf.naver.net//20140824_92/1408853733492bCoPm_JPEG/20140824_1_HL.jpg&twidth=149&theight=83&opts=8&qlt=95&noimage=sp3',149,83,3),(442,'http://dthumb.phinf.naver.net/?src=http://sports.phinf.naver.net//20140824_125/1408850535509TFrvm_JPEG/20140824_2_HL.jpg&twidth=149&theight=83&opts=8&qlt=95&noimage=sp3',149,83,7),(442,'http://dthumb.phinf.naver.net/?src=http://sports.phinf.naver.net//20140824_24/1408852597317ffhko_JPEG/20140824_1_ISS14.jpg&twidth=149&theight=83&opts=8&qlt=95&noimage=sp3',149,83,1),(442,'http://dthumb.phinf.naver.net/?src=http://sports.phinf.naver.net//20140824_130/1408849626988WXI3E_JPEG/20140824_2_ISS9_NV.jpg&twidth=149&theight=83&opts=8&qlt=95&noimage=sp3',149,83,3),(443,'http://imgnews.naver.com/image/news/2004n/bu_arrow02.gif',7,4,3),(443,'http://imgnews.naver.com/image/news/2004n/bu_arrow03.gif',7,4,3),(443,'http://imgnews.naver.com/image/sports/2006/section/btit04.gif',57,15,2),(443,'http://imgnews.naver.net/image/109/2014/08/24/201408241140776503_53f951b72a8b9_99_20140824120404.jpg',530,765,4),(444,'http://dthumb.phinf.naver.net/?src=http://sports.phinf.naver.net//20140824_92/1408853733492bCoPm_JPEG/20140824_1_HL.jpg&twidth=149&theight=83&opts=8&qlt=95&noimage=sp3',149,83,3),(444,'http://dthumb.phinf.naver.net/?src=http://sports.phinf.naver.net//20140824_125/1408850535509TFrvm_JPEG/20140824_2_HL.jpg&twidth=149&theight=83&opts=8&qlt=95&noimage=sp3',149,83,7),(444,'http://dthumb.phinf.naver.net/?src=http://sports.phinf.naver.net//20140824_24/1408852597317ffhko_JPEG/20140824_1_ISS14.jpg&twidth=149&theight=83&opts=8&qlt=95&noimage=sp3',149,83,1),(444,'http://dthumb.phinf.naver.net/?src=http://sports.phinf.naver.net//20140824_130/1408849626988WXI3E_JPEG/20140824_2_ISS9_NV.jpg&twidth=149&theight=83&opts=8&qlt=95&noimage=sp3',149,83,3),(445,'http://imgnews.naver.com/image/news/2004n/bu_arrow02.gif',7,4,3),(445,'http://imgnews.naver.com/image/news/2004n/bu_arrow03.gif',7,4,3),(445,'http://imgnews.naver.com/image/sports/2006/section/btit04.gif',57,15,2),(445,'http://imgnews.naver.net/image/144/2014/08/24/l_2014082402001149500257631_99_20140824133003.jpg',540,400,3),(454,'http://imgnews.naver.com/image/thumb120/109/2014/08/24/2861858.jpg',120,115,-1),(454,'http://imgnews.naver.com/image/thumb120/109/2014/08/24/2861607.jpg',120,79,3),(454,'http://imgnews.naver.com/image/thumb120/018/2014/08/24/3058744.jpg',120,83,1),(454,'http://imgnews.naver.com/image/thumb120/139/2014/08/24/2024992.jpg',120,86,-1),(454,'http://imgnews.naver.com/image/thumb120/450/2014/08/23/6960.jpg',120,83,7),(454,'http://imgnews.naver.com/image/thumb120/470/2014/08/24/150.jpg',120,108,-1),(454,'http://sports.phinf.naver.net//20140824_144/1408861123878YwGeS_JPEG/1.jpg',120,75,-1),(454,'http://sports.phinf.naver.net//20140824_130/1408861209533gWjjc_JPEG/1.jpg',120,75,-1),(454,'http://imgnews.naver.com/image/thumb120/311/2014/08/24/375452.jpg',120,100,-1),(454,'http://imgnews.naver.com/image/thumb120/347/2014/08/24/59920.jpg',120,57,-1),(454,'http://sports.phinf.naver.net//20140824_127/1408868200156IauxX_JPEG/11.jpg',120,75,-1),(454,'http://dthumb.phinf.naver.net/?src=http://imgnews.naver.net/image/sports/2012/soccer/main/headline/1329818101_file_thumbnail_0.jpg&twidth=90&theight=90&opts=8&qlt=95',90,90,-1),(454,'http://sports.phinf.naver.net//20140824_245/1408864621031Y0J6D_JPEG/11.jpg',120,75,-1),(454,'http://dthumb.phinf.naver.net/?src=http://sports.phinf.naver.net//20140303_266/13938140872495HGvF_JPEG/90x90.jpg&twidth=90&theight=90&opts=8&qlt=95',90,90,-1),(454,'http://dthumb.phinf.naver.net/?src=http://imgnews.naver.net/image/sports/2012/baseball/main/center_left/1337581657_file_image_1.jpg&twidth=90&theight=90&opts=8&qlt=95',90,90,-1),(454,'http://sports.phinf.naver.net//20140824_143/1408857077915bmLwo_JPEG/1.jpg',120,75,-1),(454,'http://sports.phinf.naver.net//20140824_235/1408853101984XGncA_JPEG/1.jpg',120,75,-1),(454,'http://dthumb.phinf.naver.net/?src=http://imgnews.naver.net/image/sports/2012/soccer/main/headline/1329817275_file_thumbnail_0.jpg&twidth=90&theight=90&opts=8&qlt=95',90,90,-1),(454,'http://sports.phinf.naver.net//20140823_78/1408800325175eBden_GIF/1.gif',120,75,-1),(454,'http://dthumb.phinf.naver.net/?src=http://sports.phinf.naver.net//20140115_110/1389767059051gFmtL_JPEG/90x90.jpg&twidth=90&theight=90&opts=8&qlt=95',90,90,-1),(454,'http://sports.phinf.naver.net//20140823_67/1408770396708i8gTG_JPEG/01.jpg',120,75,-1),(454,'http://dthumb.phinf.naver.net/?src=http://sports.phinf.naver.net//20140227_18/1393468884880YDWN8_JPEG/90x90.jpg&twidth=90&theight=90&opts=8&qlt=95',90,90,-1),(454,'http://sports.phinf.naver.net//20140822_236/1408696823110HFc4c_JPEG/1.jpg',120,75,-1),(454,'http://dthumb.phinf.naver.net/?src=http://sports.phinf.naver.net//20140113_64/1389590368413e3PdK_JPEG/90x90.jpg&twidth=90&theight=90&opts=8&qlt=95',90,90,-1),(454,'http://sports.phinf.naver.net//20140822_131/1408674876190jRGFb_JPEG/1.jpg',120,75,-1),(454,'http://dthumb.phinf.naver.net/?src=http://sports.phinf.naver.net//20130201_108/1359647992909cHUWb_JPEG/%C7%D1%C1%D8-90x90.jpg&twidth=90&theight=90&opts=8&qlt=95',90,90,-1),(454,'http://sports.phinf.naver.net//20140822_250/1408665758745I0KR8_JPEG/1.jpg',120,75,-1),(454,'http://dthumb.phinf.naver.net/?src=http://imgnews.naver.net/image/sports/2012/soccer/main/headline/1329816843_file_image_0.png&twidth=90&theight=90&opts=8&qlt=95',90,90,-1),(454,'http://sports.phinf.naver.net//20140819_182/1408415696721cWe1U_JPEG/1.jpg',120,75,-1),(454,'http://dthumb.phinf.naver.net/?src=http://imgnews.naver.net/image/sports/2012/soccer/main/headline/1329817802_file_image_0.jpg&twidth=90&theight=90&opts=8&qlt=95',90,90,-1),(454,'http://sports.phinf.naver.net//20140818_188/1408338567401UjPoX_JPEG/1.jpg',120,75,-1),(454,'http://dthumb.phinf.naver.net/?src=http://sports.phinf.naver.net//20140328_189/1395992585493wjm61_JPEG/90x90.jpg&twidth=90&theight=90&opts=8&qlt=95',90,90,-1),(454,'http://sports.phinf.naver.net//20140818_111/1408336518136TfDLb_JPEG/1.jpg',120,75,-1),(454,'http://dthumb.phinf.naver.net/?src=http://sports.phinf.naver.net//20140715_57/1405388651275K9uS0_JPEG/90x90.jpg&twidth=90&theight=90&opts=8&qlt=95',90,90,-1),(454,'http://sports.phinf.naver.net//20140813_54/1407900720691cLXEj_JPEG/11.jpg',120,75,-1),(454,'http://dthumb.phinf.naver.net/?src=http://sports.phinf.naver.net//20130205_226/1360047179645krQu3_JPEG/%BC%D5%B4%EB%B9%FC_%BC%B6%B3%D7%C0%CF_90x90.jpg&twidth=90&theight=90&opts=8&qlt=95',90,90,-1),(454,'http://sports.phinf.naver.net//20140726_192/1406367909444flkgO_GIF/1.gif',120,75,-1),(454,'http://dthumb.phinf.naver.net/?src=http://sports.phinf.naver.net//20140530_67/1401444716961HkUy0_JPEG/90x90.jpg&twidth=90&theight=90&opts=8&qlt=95',90,90,-1),(454,'http://sports.phinf.naver.net//20140715_63/1405403649364CdzYT_JPEG/1.jpg',120,75,-1),(454,'http://dthumb.phinf.naver.net/?src=http://imgnews.naver.net/image/sports/2012/common/expert/js_m1.jpg&twidth=90&theight=90&opts=8&qlt=95',90,90,-1),(454,'http://sports.phinf.naver.net//20140725_59/14062438420103K9MH_JPEG/2.JPG',120,75,-1),(455,'http://dthumb.phinf.naver.net/?src=http://sports.phinf.naver.net//20140824_217/1408875492947bPnm0_JPEG/9_20140824LGLT0.jpg&twidth=149&theight=83&opts=8&qlt=95&noimage=sp3',149,83,-1),(455,'http://dthumb.phinf.naver.net/?src=http://sports.phinf.naver.net//20140824_259/1408875299232SOpa2_JPEG/4_20140824SKSS0.jpg&twidth=149&theight=83&opts=8&qlt=95&noimage=sp3',149,83,-1),(455,'http://dthumb.phinf.naver.net/?src=http://sports.phinf.naver.net//20140824_155/1408875100484a0n00_JPEG/8_20140824LGLT0.jpg&twidth=149&theight=83&opts=8&qlt=95&noimage=sp3',149,83,-1),(455,'http://dthumb.phinf.naver.net/?src=http://sports.phinf.naver.net//20140824_23/1408875091380Ybeg8_JPEG/7_20140824LGLT0.jpg&twidth=149&theight=83&opts=8&qlt=95&noimage=sp3',149,83,-1),(457,'http://dthumb.phinf.naver.net/?src=http://sports.phinf.naver.net//20140824_92/1408853733492bCoPm_JPEG/20140824_1_HL.jpg&twidth=149&theight=83&opts=8&qlt=95&noimage=sp3',149,83,-1),(457,'http://dthumb.phinf.naver.net/?src=http://sports.phinf.naver.net//20140824_125/1408850535509TFrvm_JPEG/20140824_2_HL.jpg&twidth=149&theight=83&opts=8&qlt=95&noimage=sp3',149,83,-1),(457,'http://dthumb.phinf.naver.net/?src=http://sports.phinf.naver.net//20140824_24/1408852597317ffhko_JPEG/20140824_1_ISS14.jpg&twidth=149&theight=83&opts=8&qlt=95&noimage=sp3',149,83,1),(457,'http://dthumb.phinf.naver.net/?src=http://sports.phinf.naver.net//20140824_130/1408849626988WXI3E_JPEG/20140824_2_ISS9_NV.jpg&twidth=149&theight=83&opts=8&qlt=95&noimage=sp3',149,83,-1),(458,'http://dthumb.phinf.naver.net/?src=http://sports.phinf.naver.net//20140823_150/1408797424049u3R2k_JPEG/20140823_JB_SE_HL.jpg&twidth=149&theight=83&opts=8&qlt=95&noimage=sp3',149,83,-1),(458,'http://dthumb.phinf.naver.net/?src=http://sports.phinf.naver.net//20140823_14/1408795115815QVsEJ_JPEG/20140823_JB_SE_ISS_N11.jpg&twidth=149&theight=83&opts=8&qlt=95&noimage=sp3',149,83,-1),(458,'http://dthumb.phinf.naver.net/?src=http://sports.phinf.naver.net//20140823_25/1408793414817INGB1_JPEG/20140823_JB_SE_ISS_N8.jpg&twidth=149&theight=83&opts=8&qlt=95&noimage=sp3',149,83,-1),(458,'http://dthumb.phinf.naver.net/?src=http://sports.phinf.naver.net//20140823_292/1408792328391M0pwa_JPEG/20140823_JB_SE_ISS_N5.jpg&twidth=149&theight=83&opts=8&qlt=95&noimage=sp3',149,83,-1),(459,'http://dthumb.phinf.naver.net/?src=http://sports.phinf.naver.net//20140824_261/1408819000510Nr6Lk_JPEG/10_201408236253736981.jpg&twidth=149&theight=83&opts=8&qlt=95&noimage=sp3',149,83,3),(459,'http://dthumb.phinf.naver.net/?src=http://sports.phinf.naver.net//20140824_274/1408819147438GqNbn_JPEG/11_201408231003733674.jpg&twidth=149&theight=83&opts=8&qlt=95&noimage=sp3',149,83,-1),(459,'http://dthumb.phinf.naver.net/?src=http://sports.phinf.naver.net//20140824_19/1408810120213Tj43T_JPEG/10_201408231003733680.jpg&twidth=149&theight=83&opts=8&qlt=95&noimage=sp3',149,83,5),(459,'http://dthumb.phinf.naver.net/?src=http://sports.phinf.naver.net//20140824_87/1408810168805uhY5E_JPEG/13_201408231003733672.jpg&twidth=149&theight=83&opts=8&qlt=95&noimage=sp3',149,83,1),(460,'http://dthumb.phinf.naver.net/?src=http://sports.phinf.naver.net//20140823_150/1408797424049u3R2k_JPEG/20140823_JB_SE_HL.jpg&twidth=149&theight=83&opts=8&qlt=95&noimage=sp3',149,83,3),(460,'http://dthumb.phinf.naver.net/?src=http://sports.phinf.naver.net//20140823_14/1408795115815QVsEJ_JPEG/20140823_JB_SE_ISS_N11.jpg&twidth=149&theight=83&opts=8&qlt=95&noimage=sp3',149,83,3),(460,'http://dthumb.phinf.naver.net/?src=http://sports.phinf.naver.net//20140823_25/1408793414817INGB1_JPEG/20140823_JB_SE_ISS_N8.jpg&twidth=149&theight=83&opts=8&qlt=95&noimage=sp3',149,83,3),(460,'http://dthumb.phinf.naver.net/?src=http://sports.phinf.naver.net//20140823_292/1408792328391M0pwa_JPEG/20140823_JB_SE_ISS_N5.jpg&twidth=149&theight=83&opts=8&qlt=95&noimage=sp3',149,83,3),(461,'http://dthumb.phinf.naver.net/?src=http://sports.phinf.naver.net//20140824_92/1408853733492bCoPm_JPEG/20140824_1_HL.jpg&twidth=149&theight=83&opts=8&qlt=95&noimage=sp3',149,83,3),(461,'http://dthumb.phinf.naver.net/?src=http://sports.phinf.naver.net//20140824_125/1408850535509TFrvm_JPEG/20140824_2_HL.jpg&twidth=149&theight=83&opts=8&qlt=95&noimage=sp3',149,83,7),(461,'http://dthumb.phinf.naver.net/?src=http://sports.phinf.naver.net//20140824_24/1408852597317ffhko_JPEG/20140824_1_ISS14.jpg&twidth=149&theight=83&opts=8&qlt=95&noimage=sp3',149,83,1),(461,'http://dthumb.phinf.naver.net/?src=http://sports.phinf.naver.net//20140824_130/1408849626988WXI3E_JPEG/20140824_2_ISS9_NV.jpg&twidth=149&theight=83&opts=8&qlt=95&noimage=sp3',149,83,3),(464,'http://imgnews.naver.net/image/news/2009/txt_gulim.gif',81,20,1),(464,'http://imgnews.naver.net/image/news/2009/txt_dotum.gif',81,20,1),(464,'http://imgnews.naver.net/image/news/2009/txt_batang.gif',81,20,1),(464,'http://imgnews.naver.net/image/news/2009/txt_malgun.gif',81,20,1),(464,'http://imgnews.naver.net/image/news/2009/txt_nanum.gif',81,20,1),(466,'http://imgnews.naver.net/image/news/2009/txt_gulim.gif',81,20,1),(466,'http://imgnews.naver.net/image/news/2009/txt_dotum.gif',81,20,1),(466,'http://imgnews.naver.net/image/news/2009/txt_batang.gif',81,20,1),(466,'http://imgnews.naver.net/image/news/2009/txt_malgun.gif',81,20,1),(466,'http://imgnews.naver.net/image/news/2009/txt_nanum.gif',81,20,1),(472,'http://farm9.staticflickr.com/8464/8133919385_28ec0cbf5f_m.jpg',128,160,7),(472,'http://farm8.staticflickr.com/7083/7253773220_059b241df3_m.jpg',129,188,1),(472,'http://farm8.staticflickr.com/7414/12427903343_054917bd5e_m.jpg',150,188,1),(472,'http://farm8.staticflickr.com/7209/6776775098_a327ed43e2_m.jpg',150,188,2),(472,'http://cfile2.uf.tistory.com/image/20289B3B4F42651702D920',259,94,1),(472,'http://cfile8.uf.tistory.com/image/16228D3C4F4655AC01FFF9',600,210,1),(472,'http://cfile25.uf.tistory.com/image/150E4D4D4F465603437037',610,412,3),(474,'https://developer.apple.com/library/ios/documentation/3ddrawing/conceptual/opengles_programmingguide/Art/cpu_gpu_2x.png',1345,249,2),(474,'https://developer.apple.com/library/ios/documentation/3ddrawing/conceptual/opengles_programmingguide/Art/cpu_gpu_2x.png',1345,249,2),(475,'https://developer.apple.com/library/ios/documentation/3ddrawing/conceptual/opengles_programmingguide/Art/cpu_gpu_2x.png',1345,249,2),(475,'https://developer.apple.com/library/ios/documentation/3ddrawing/conceptual/opengles_programmingguide/Art/cpu_gpu_2x.png',1345,249,2),(478,'https://static.webyog.com/images/ajax-loader.gif',54,55,1),(479,'http://imgnews.naver.net/image/news/2009/txt_gulim.gif',81,20,1),(479,'http://imgnews.naver.net/image/news/2009/txt_dotum.gif',81,20,1),(479,'http://imgnews.naver.net/image/news/2009/txt_batang.gif',81,20,1),(479,'http://imgnews.naver.net/image/news/2009/txt_malgun.gif',81,20,1),(479,'http://imgnews.naver.net/image/news/2009/txt_nanum.gif',81,20,1),(479,'http://imgnews.naver.net/image/014/2014/08/23/140823_091323811_99_20140823091504.jpg',508,639,2),(480,'http://dthumb.phinf.naver.net/?src=http://sports.phinf.naver.net//20140824_250/1408892276639Q6b4d_JPEG/7_201408246253742815.jpg&twidth=149&theight=83&opts=8&qlt=95&noimage=sp3',149,83,3),(480,'http://dthumb.phinf.naver.net/?src=http://sports.phinf.naver.net//20140824_286/1408890904352BJLsM_JPEG/5_201408246253742815.jpg&twidth=149&theight=83&opts=8&qlt=95&noimage=sp3',149,83,2),(480,'http://dthumb.phinf.naver.net/?src=http://sports.phinf.naver.net//20140824_24/1408889559450YTiA9_JPEG/2.jpg&twidth=149&theight=83&opts=8&qlt=95&noimage=sp3',149,83,5),(480,'http://dthumb.phinf.naver.net/?src=http://sports.phinf.naver.net//20140824_89/14088897163362k9QN_JPEG/4.jpg&twidth=149&theight=83&opts=8&qlt=95&noimage=sp3',149,83,5),(481,'http://cfile27.uf.tistory.com/image/233EBE3351B0521105514C',500,259,8),(481,'http://cfile3.uf.tistory.com/image/2768533351B05437379007',535,327,7),(481,'http://cfile10.uf.tistory.com/image/266E223C51B3B0C328EE4E',170,479,1),(481,'http://cfile22.uf.tistory.com/image/264AC93651B05575150479',314,582,1),(481,'http://cfile25.uf.tistory.com/image/021B7E3851B056D028C709',380,349,7),(481,'http://cfile28.uf.tistory.com/image/27764F3651B057740671EA',281,670,2),(481,'http://cfile22.uf.tistory.com/image/2465A43A51B059FC076413',286,45,7),(481,'http://cfile6.uf.tistory.com/image/024A1D3451B0582519C6AD',651,598,3),(481,'http://cfile21.uf.tistory.com/image/2162043451B0589613A935',631,621,1),(481,'http://cfile24.uf.tistory.com/image/234C6F3B51B05A2917A6C5',286,45,7),(481,'http://cfile1.uf.tistory.com/image/0218B13851B0594C309A9E',628,597,2),(481,'http://cfile29.uf.tistory.com/image/2159693451B05ACF209ACD',543,616,2),(481,'http://cfile1.uf.tistory.com/image/2537C63751B05B0F2345DC',592,527,2),(481,'http://cfile24.uf.tistory.com/image/2722033951B05C032CC6AE',535,327,7),(481,'http://cfile4.uf.tistory.com/image/0135203B51B05C4D2762FA',585,253,1),(481,'http://cfile22.uf.tistory.com/image/0214363951B05D3B348084',700,391,1),(481,'http://i1.daumcdn.net/cfs.tistory/v/0/static/admin/editor/ccl_black01.png',15,15,3),(481,'http://i1.daumcdn.net/cfs.tistory/v/0/static/admin/editor/ccl_black02.png',15,15,3),(481,'http://i1.daumcdn.net/cfs.tistory/v/0/static/admin/editor/ccl_black03.png',15,15,3),(482,'http://imgnews.naver.net/image/news/2009/txt_gulim.gif',81,20,1),(482,'http://imgnews.naver.net/image/news/2009/txt_dotum.gif',81,20,1),(482,'http://imgnews.naver.net/image/news/2009/txt_batang.gif',81,20,1),(482,'http://imgnews.naver.net/image/news/2009/txt_malgun.gif',81,20,1),(482,'http://imgnews.naver.net/image/news/2009/txt_nanum.gif',81,20,1),(482,'http://imgnews.naver.net/image/001/2014/08/23/PYH2014063007160001300_P2_99_20140823074204.jpg',500,246,4),(483,'https://avatars0.githubusercontent.com/u/3874599?v=2&s=60',420,420,2),(483,'https://avatars1.githubusercontent.com/u/3874599?v=2&s=32',420,420,2),(484,'https://avatars2.githubusercontent.com/u/3794501?v=2&s=40',40,40,3),(484,'https://assets-cdn.github.com/images/spinners/octocat-spinner-32.gif',32,32,3),(485,'https://assets-cdn.github.com/images/spinners/octocat-spinner-128.gif',128,128,1),(485,'https://avatars1.githubusercontent.com/u/3794501?v=2&s=32',32,32,3),(485,'https://avatars1.githubusercontent.com/u/3874599?v=2&s=32',420,420,2),(486,'https://assets-cdn.github.com/images/spinners/octocat-spinner-128.gif',128,128,1),(486,'https://avatars1.githubusercontent.com/u/3794501?v=2&s=32',32,32,3),(486,'https://avatars1.githubusercontent.com/u/3874599?v=2&s=32',420,420,2),(487,'https://assets-cdn.github.com/images/spinners/octocat-spinner-128.gif',128,128,1),(487,'https://avatars1.githubusercontent.com/u/3794501?v=2&s=32',32,32,3),(487,'https://avatars1.githubusercontent.com/u/3874599?v=2&s=32',420,420,2),(488,'https://assets-cdn.github.com/images/spinners/octocat-spinner-128.gif',128,128,1),(488,'https://avatars2.githubusercontent.com/u/3794501?v=2&s=96',96,96,3),(489,'https://assets-cdn.github.com/images/spinners/octocat-spinner-128.gif',128,128,1),(489,'https://avatars1.githubusercontent.com/u/3794501?v=2&s=32',32,32,3),(489,'https://avatars1.githubusercontent.com/u/3874599?v=2&s=32',420,420,2),(490,'https://assets-cdn.github.com/images/spinners/octocat-spinner-128.gif',128,128,1),(490,'https://avatars1.githubusercontent.com/u/3794501?v=2&s=32',32,32,3),(490,'https://avatars1.githubusercontent.com/u/3874599?v=2&s=32',420,420,2),(491,'https://assets-cdn.github.com/images/spinners/octocat-spinner-128.gif',128,128,1),(491,'https://avatars2.githubusercontent.com/u/3794501?v=2&s=96',96,96,3),(492,'https://assets-cdn.github.com/images/spinners/octocat-spinner-128.gif',128,128,1),(492,'https://avatars1.githubusercontent.com/u/3794501?v=2&s=32',32,32,3),(492,'https://avatars1.githubusercontent.com/u/3874599?v=2&s=32',420,420,2),(493,'https://assets-cdn.github.com/images/spinners/octocat-spinner-128.gif',128,128,1),(493,'https://avatars2.githubusercontent.com/u/3794501?v=2&s=96',96,96,3),(494,'https://assets-cdn.github.com/images/spinners/octocat-spinner-128.gif',128,128,1),(494,'https://avatars2.githubusercontent.com/u/3794501?v=2&s=96',96,96,3),(495,'https://avatars2.githubusercontent.com/u/3794501?v=2&s=40',40,40,3),(495,'https://assets-cdn.github.com/images/spinners/octocat-spinner-32.gif',32,32,3),(496,'https://assets-cdn.github.com/images/spinners/octocat-spinner-128.gif',128,128,1),(496,'https://avatars1.githubusercontent.com/u/3794501?v=2&s=32',32,32,3),(496,'https://avatars1.githubusercontent.com/u/3874599?v=2&s=32',420,420,-1),(497,'https://assets-cdn.github.com/images/spinners/octocat-spinner-128.gif',128,128,1),(497,'https://avatars1.githubusercontent.com/u/3794501?v=2&s=32',32,32,3),(497,'https://avatars1.githubusercontent.com/u/3874599?v=2&s=32',420,420,-1),(498,'https://assets-cdn.github.com/images/spinners/octocat-spinner-128.gif',128,128,-1),(498,'https://avatars1.githubusercontent.com/u/3794501?v=2&s=32',32,32,3),(498,'https://avatars1.githubusercontent.com/u/3874599?v=2&s=32',420,420,-1),(499,'https://assets-cdn.github.com/images/spinners/octocat-spinner-128.gif',128,128,-1),(499,'https://avatars2.githubusercontent.com/u/3794501?v=2&s=96',96,96,-1),(499,'https://cloud.githubusercontent.com/assets/3794501/4023648/70bd37ea-2b9e-11e4-9bf5-5cd3677da0a3.png',612,418,-1),(500,'https://cloud.githubusercontent.com/assets/3794501/4023822/6a45ea56-2ba8-11e4-9047-1bd1b921e99f.png',612,418,2),(501,'https://assets-cdn.github.com/images/spinners/octocat-spinner-128.gif',128,128,1),(501,'https://avatars2.githubusercontent.com/u/3794501?v=2&s=96',96,96,3),(501,'https://cloud.githubusercontent.com/assets/3794501/4023648/70bd37ea-2b9e-11e4-9bf5-5cd3677da0a3.png',612,418,2),(501,'https://cloud.githubusercontent.com/assets/3794501/4023822/6a45ea56-2ba8-11e4-9047-1bd1b921e99f.png',612,418,2),(502,'https://avatars2.githubusercontent.com/u/3794501?v=2&s=40',40,40,3),(502,'https://assets-cdn.github.com/images/spinners/octocat-spinner-32.gif',32,32,3),(503,'https://assets-cdn.github.com/images/spinners/octocat-spinner-128.gif',128,128,1),(503,'https://avatars1.githubusercontent.com/u/3794501?v=2&s=32',32,32,3),(503,'https://avatars1.githubusercontent.com/u/3874599?v=2&s=32',420,420,2),(504,'https://cloud.githubusercontent.com/assets/3794501/4023822/6a45ea56-2ba8-11e4-9047-1bd1b921e99f.png',612,418,2),(505,'https://assets-cdn.github.com/images/spinners/octocat-spinner-128.gif',128,128,1),(505,'https://avatars2.githubusercontent.com/u/3794501?v=2&s=96',96,96,3),(505,'https://cloud.githubusercontent.com/assets/3794501/4023648/70bd37ea-2b9e-11e4-9bf5-5cd3677da0a3.png',612,418,2),(505,'https://cloud.githubusercontent.com/assets/3794501/4023822/6a45ea56-2ba8-11e4-9047-1bd1b921e99f.png',612,418,2),(506,'https://assets-cdn.github.com/images/spinners/octocat-spinner-128.gif',128,128,1),(506,'https://avatars2.githubusercontent.com/u/3794501?v=2&s=96',96,96,3),(515,'http://1.gravatar.com/avatar/d68e21e37eb3d5e9beabdc74290a8201?s=80&d=http%3A%2F%2F1.gravatar.com%2Favatar%2Fad516503a11cd5ca435acc9bb6523536%3Fs%3D80&r=G',80,80,1),(515,'http://0.gravatar.com/avatar/2a0466a65830979f3a9f8f77d9a36b93?s=80&d=http%3A%2F%2F0.gravatar.com%2Favatar%2Fad516503a11cd5ca435acc9bb6523536%3Fs%3D80&r=G',80,80,1),(515,'http://1.gravatar.com/avatar/d6106aa511dc5008436fe39d0fd9872f?s=80&d=http%3A%2F%2F1.gravatar.com%2Favatar%2Fad516503a11cd5ca435acc9bb6523536%3Fs%3D80&r=G',80,80,3),(515,'http://1.gravatar.com/avatar/1265e62f8002e0d2eac9aab818a78388?s=80&d=http%3A%2F%2F1.gravatar.com%2Favatar%2Fad516503a11cd5ca435acc9bb6523536%3Fs%3D80&r=G',80,80,3),(515,'http://1.gravatar.com/avatar/f4c38d8e010689f618c6e63c007f441f?s=80&d=http%3A%2F%2F1.gravatar.com%2Favatar%2Fad516503a11cd5ca435acc9bb6523536%3Fs%3D80&r=G',80,80,3),(515,'http://0.gravatar.com/avatar/43c104b970677216110e4e0186dd73c3?s=80&d=http%3A%2F%2F0.gravatar.com%2Favatar%2Fad516503a11cd5ca435acc9bb6523536%3Fs%3D80&r=G',80,80,3),(515,'http://1.gravatar.com/avatar/1b21ea8a5c4f2d68829c76148f4792ca?s=80&d=http%3A%2F%2F1.gravatar.com%2Favatar%2Fad516503a11cd5ca435acc9bb6523536%3Fs%3D80&r=G',80,80,3),(515,'http://0.gravatar.com/avatar/4c1e5a87ff7bbbed95125040ad1d2c16?s=80&d=http%3A%2F%2F0.gravatar.com%2Favatar%2Fad516503a11cd5ca435acc9bb6523536%3Fs%3D80&r=G',80,80,3),(515,'http://0.gravatar.com/avatar/823ab3c6c8be64dadd5eb80fd88ede20?s=80&d=http%3A%2F%2F0.gravatar.com%2Favatar%2Fad516503a11cd5ca435acc9bb6523536%3Fs%3D80&r=G',80,80,2),(515,'http://1.gravatar.com/avatar/54b4cc50ca6ce2c846ea6e1df44d868e?s=80&d=http%3A%2F%2F1.gravatar.com%2Favatar%2Fad516503a11cd5ca435acc9bb6523536%3Fs%3D80&r=G',80,80,3),(515,'http://1.gravatar.com/avatar/f5f29407aba0061561627133928d3f88?s=80&d=http%3A%2F%2F1.gravatar.com%2Favatar%2Fad516503a11cd5ca435acc9bb6523536%3Fs%3D80&r=G',80,80,4),(515,'http://1.gravatar.com/avatar/37734d0c7ba9d0085eba1986c634e30b?s=80&d=http%3A%2F%2F1.gravatar.com%2Favatar%2Fad516503a11cd5ca435acc9bb6523536%3Fs%3D80&r=G',80,80,5),(515,'http://1.gravatar.com/avatar/f3b63ddc653949ec1e464e9dac46de1c?s=80&d=http%3A%2F%2F1.gravatar.com%2Favatar%2Fad516503a11cd5ca435acc9bb6523536%3Fs%3D80&r=G',80,80,3),(515,'http://0.gravatar.com/avatar/214110aa2fec74e3f01acd692a1a27f9?s=80&d=http%3A%2F%2F0.gravatar.com%2Favatar%2Fad516503a11cd5ca435acc9bb6523536%3Fs%3D80&r=G',80,80,3),(515,'http://1.gravatar.com/avatar/122244106de042681ec7ca36a0ce735d?s=80&d=http%3A%2F%2F1.gravatar.com%2Favatar%2Fad516503a11cd5ca435acc9bb6523536%3Fs%3D80&r=G',80,80,3),(515,'http://0.gravatar.com/avatar/ef7d4fc952183c0f577c0888e9967ff9?s=80&d=http%3A%2F%2F0.gravatar.com%2Favatar%2Fad516503a11cd5ca435acc9bb6523536%3Fs%3D80&r=G',80,80,1),(515,'http://0.gravatar.com/avatar/a476cf1e785d265e05da191857e3b2fe?s=80&d=http%3A%2F%2F0.gravatar.com%2Favatar%2Fad516503a11cd5ca435acc9bb6523536%3Fs%3D80&r=G',80,80,1),(515,'http://0.gravatar.com/avatar/401f8589a2f23dd343fa61926a75f49f?s=80&d=http%3A%2F%2F0.gravatar.com%2Favatar%2Fad516503a11cd5ca435acc9bb6523536%3Fs%3D80&r=G',80,80,3),(515,'http://1.gravatar.com/avatar/58c3d304f1b88206621761196d2265d4?s=80&d=http%3A%2F%2F1.gravatar.com%2Favatar%2Fad516503a11cd5ca435acc9bb6523536%3Fs%3D80&r=G',80,80,3),(515,'http://1.gravatar.com/avatar/b8211ef268879b9f8c920a97c92c005c?s=80&d=http%3A%2F%2F1.gravatar.com%2Favatar%2Fad516503a11cd5ca435acc9bb6523536%3Fs%3D80&r=G',80,80,3),(515,'http://0.gravatar.com/avatar/ee08aa5cb33368cc5d40aada86638792?s=80&d=http%3A%2F%2F0.gravatar.com%2Favatar%2Fad516503a11cd5ca435acc9bb6523536%3Fs%3D80&r=G',80,80,3),(515,'http://1.gravatar.com/avatar/bcfbb8dc0a3479eec677c24dff834559?s=80&d=http%3A%2F%2F1.gravatar.com%2Favatar%2Fad516503a11cd5ca435acc9bb6523536%3Fs%3D80&r=G',80,80,2),(515,'http://1.gravatar.com/avatar/d1cc0917ef4901db922dbaab5f724645?s=80&d=http%3A%2F%2F1.gravatar.com%2Favatar%2Fad516503a11cd5ca435acc9bb6523536%3Fs%3D80&r=G',80,80,3),(515,'http://1.gravatar.com/avatar/91a0e0197a920d934eea0aff97a658a4?s=80&d=http%3A%2F%2F1.gravatar.com%2Favatar%2Fad516503a11cd5ca435acc9bb6523536%3Fs%3D80&r=G',80,80,7),(515,'http://1.gravatar.com/avatar/5c44957f9562d033a6ad491a8c6c6596?s=80&d=http%3A%2F%2F1.gravatar.com%2Favatar%2Fad516503a11cd5ca435acc9bb6523536%3Fs%3D80&r=G',80,80,5),(515,'http://0.gravatar.com/avatar/20b8cbe012fd2dfb525496f56b4f6e29?s=80&d=http%3A%2F%2F0.gravatar.com%2Favatar%2Fad516503a11cd5ca435acc9bb6523536%3Fs%3D80&r=G',80,80,2),(515,'http://inserthtml.inserthtml.netdna-cdn.com/wp-content/uploads/2012/12/example.gif',843,647,2),(515,'http://1.gravatar.com/avatar/1b5fa873e2710a12c8a4d188c0b45dcf?s=80&d=http%3A%2F%2F1.gravatar.com%2Favatar%2Fad516503a11cd5ca435acc9bb6523536%3Fs%3D80&r=G',80,80,3),(515,'http://0.gravatar.com/avatar/228c66c26e87d23e99dbee6d6384b685?s=80&d=http%3A%2F%2F0.gravatar.com%2Favatar%2Fad516503a11cd5ca435acc9bb6523536%3Fs%3D80&r=G',80,80,3),(515,'http://1.gravatar.com/avatar/35f369f38bc2f2765c0fa02e9bec8338?s=80&d=http%3A%2F%2F1.gravatar.com%2Favatar%2Fad516503a11cd5ca435acc9bb6523536%3Fs%3D80&r=G',80,80,3),(515,'http://1.gravatar.com/avatar/dc351dd06327b8e4bf2146b8f1e13836?s=80&d=http%3A%2F%2F1.gravatar.com%2Favatar%2Fad516503a11cd5ca435acc9bb6523536%3Fs%3D80&r=G',80,80,3),(515,'http://0.gravatar.com/avatar/29df42d1bd708b5e537a32ccd5ff33cd?s=80&d=http%3A%2F%2F0.gravatar.com%2Favatar%2Fad516503a11cd5ca435acc9bb6523536%3Fs%3D80&r=G',80,80,3),(515,'http://1.gravatar.com/avatar/904e540aaa44fa27d826d360697ddf36?s=80&d=http%3A%2F%2F1.gravatar.com%2Favatar%2Fad516503a11cd5ca435acc9bb6523536%3Fs%3D80&r=G',80,80,3),(515,'http://0.gravatar.com/avatar/a4d1d3d24deacb213ab289b316249d3c?s=80&d=http%3A%2F%2F0.gravatar.com%2Favatar%2Fad516503a11cd5ca435acc9bb6523536%3Fs%3D80&r=G',80,80,3),(515,'http://1.gravatar.com/avatar/7a9b958e45f00d48f1fb651b6c7a16ef?s=80&d=http%3A%2F%2F1.gravatar.com%2Favatar%2Fad516503a11cd5ca435acc9bb6523536%3Fs%3D80&r=G',80,80,3),(515,'http://0.gravatar.com/avatar/4b43da1e2c5d11c8d2b3c50761def67b?s=80&d=http%3A%2F%2F0.gravatar.com%2Favatar%2Fad516503a11cd5ca435acc9bb6523536%3Fs%3D80&r=G',80,80,3),(515,'http://1.gravatar.com/avatar/b72486ce1426dd215441b48cfe305fad?s=80&d=http%3A%2F%2F1.gravatar.com%2Favatar%2Fad516503a11cd5ca435acc9bb6523536%3Fs%3D80&r=G',80,80,2),(515,'http://0.gravatar.com/avatar/ac117b05db054804bbca23fddc4c9df4?s=80&d=http%3A%2F%2F0.gravatar.com%2Favatar%2Fad516503a11cd5ca435acc9bb6523536%3Fs%3D80&r=G',80,80,3),(515,'http://1.gravatar.com/avatar/5b96ffeac6c0b693f295e716a2132f5c?s=80&d=http%3A%2F%2F1.gravatar.com%2Favatar%2Fad516503a11cd5ca435acc9bb6523536%3Fs%3D80&r=G',80,80,3),(515,'http://0.gravatar.com/avatar/25ca0b65d9250147500eda7f6d356507?s=80&d=http%3A%2F%2F0.gravatar.com%2Favatar%2Fad516503a11cd5ca435acc9bb6523536%3Fs%3D80&r=G',80,80,3),(515,'http://1.gravatar.com/avatar/55e0089bb71b80897599f2f8a63da07d?s=80&d=http%3A%2F%2F1.gravatar.com%2Favatar%2Fad516503a11cd5ca435acc9bb6523536%3Fs%3D80&r=G',80,80,3),(515,'http://0.gravatar.com/avatar/2ecb02487eb54cdcd8d6bba5920e1cbd?s=80&d=http%3A%2F%2F0.gravatar.com%2Favatar%2Fad516503a11cd5ca435acc9bb6523536%3Fs%3D80&r=G',80,80,3),(515,'http://1.gravatar.com/avatar/d30c77b6e3f1d6086a953af340522e68?s=80&d=http%3A%2F%2F1.gravatar.com%2Favatar%2Fad516503a11cd5ca435acc9bb6523536%3Fs%3D80&r=G',80,80,3),(515,'http://0.gravatar.com/avatar/856607add912f8ce9d3c17c4835fe626?s=80&d=http%3A%2F%2F0.gravatar.com%2Favatar%2Fad516503a11cd5ca435acc9bb6523536%3Fs%3D80&r=G',80,80,3),(515,'http://1.gravatar.com/avatar/f5e005151e25a099526f125777ec5abb?s=80&d=http%3A%2F%2F1.gravatar.com%2Favatar%2Fad516503a11cd5ca435acc9bb6523536%3Fs%3D80&r=G',80,80,3),(515,'http://0.gravatar.com/avatar/af3411a833ee85d6dc60786305b9fefc?s=80&d=http%3A%2F%2F0.gravatar.com%2Favatar%2Fad516503a11cd5ca435acc9bb6523536%3Fs%3D80&r=G',80,80,3),(515,'http://0.gravatar.com/avatar/a895d33c9e0f37cd730ba9caab35a8d8?s=80&d=http%3A%2F%2F0.gravatar.com%2Favatar%2Fad516503a11cd5ca435acc9bb6523536%3Fs%3D80&r=G',80,80,3),(515,'http://1.gravatar.com/avatar/d52fd3c567028c2fb172208cb0005239?s=80&d=http%3A%2F%2F1.gravatar.com%2Favatar%2Fad516503a11cd5ca435acc9bb6523536%3Fs%3D80&r=G',80,80,3),(515,'http://0.gravatar.com/avatar/4f3ee634a2fa5b30bb0b7b465cd39a50?s=80&d=http%3A%2F%2F0.gravatar.com%2Favatar%2Fad516503a11cd5ca435acc9bb6523536%3Fs%3D80&r=G',80,80,3),(515,'http://0.gravatar.com/avatar/e1af5966c66e51006f984c635a0e10c4?s=80&d=http%3A%2F%2F0.gravatar.com%2Favatar%2Fad516503a11cd5ca435acc9bb6523536%3Fs%3D80&r=G',80,80,3),(515,'http://0.gravatar.com/avatar/87589ed3b7e4c20b9313ac84ada1ba8b?s=80&d=http%3A%2F%2F0.gravatar.com%2Favatar%2Fad516503a11cd5ca435acc9bb6523536%3Fs%3D80&r=G',80,80,3),(515,'http://1.gravatar.com/avatar/391c4766f06d8af892c7dc74fe7f5ed2?s=80&d=http%3A%2F%2F1.gravatar.com%2Favatar%2Fad516503a11cd5ca435acc9bb6523536%3Fs%3D80&r=G',80,80,3),(515,'http://1.gravatar.com/avatar/d8b99ac906df9c04e2db69012170df8b?s=80&d=http%3A%2F%2F1.gravatar.com%2Favatar%2Fad516503a11cd5ca435acc9bb6523536%3Fs%3D80&r=G',80,80,3),(536,'https://s.yimg.com/dh/ap/default/140824/timberlead1.jpg',120,60,1),(536,'https://s.yimg.com/ts/api/res/1.2/kH1RlICDRzogxhbJp0hBgw--/YXBwaWQ9eWhvbWVydW47cT00NTtzbT0xO2ZpPWZpbGw7dz0xNjQ7aD0xNjQ7cHlvZmY9MA--/http://media.zenfs.com/en-US/homerun/sbnation.teamsites.vox.com/1389df334353f5085630315e8885ab98',164,164,3),(537,'https://s.yimg.com/dh/ap/default/140824/timberlead1.jpg',120,60,1),(537,'https://s.yimg.com/ts/api/res/1.2/kH1RlICDRzogxhbJp0hBgw--/YXBwaWQ9eWhvbWVydW47cT00NTtzbT0xO2ZpPWZpbGw7dz0xNjQ7aD0xNjQ7cHlvZmY9MA--/http://media.zenfs.com/en-US/homerun/sbnation.teamsites.vox.com/1389df334353f5085630315e8885ab98',164,164,3),(539,'http://i3.search.daumcdn.net/simg/image/G01/thumb/76x76_85_r/GJRepiXCOqq0',76,50,2),(539,'http://i4.search.daumcdn.net/simg/image/G01/thumb/76x76_85_r/Gcxpl3yZNHd0',76,51,2),(539,'http://i3.search.daumcdn.net/simg/image/G01/thumb/76x76_85_r/851z7vZQt1k0',66,76,2),(539,'http://i3.search.daumcdn.net/simg/image/G01/thumb/76x76_85_r/BE58SJj2RyQ0',76,37,2),(539,'http://i1.search.daumcdn.net/archive.search/twitter.com/asiae_daily.jpg',48,48,4),(539,'http://i1.search.daumcdn.net/archive.search/twitter.com/suwonloves.jpg',48,48,2),(539,'http://i1.search.daumcdn.net/archive.search/twitter.com/YTN24.jpg',48,48,2),(539,'http://i1.search.daumcdn.net/thumb/T110x110.l/?fname=http://pbs.twimg.com/media/BnuJ1fiCUAA8ppf.jpg:medium',110,101,2),(539,'http://i1.search.daumcdn.net/archive.search/twitter.com/kbsnewstweet.jpg',48,48,8),(539,'http://i3.search.daumcdn.net/simg/image/G01/thumb/0x120_85_hr/EfD8btXrV8m',192,120,2),(539,'http://i3.search.daumcdn.net/simg/image/G01/thumb/0x120_85_hr/Kj6gx7AXatI',204,120,2),(539,'http://i4.search.daumcdn.net/simg/image/G01/thumb/0x120_85_hr/2rGcrIXDqRh',250,120,2),(539,'http://i4.search.daumcdn.net/simg/image/G01/thumb/0x120_85_hr/LbTybGUJNnz',158,120,2),(539,'http://i4.search.daumcdn.net/simg/image/G01/thumb/0x120_85_hr/AfUk5UZztqJ',104,120,2),(539,'http://i3.search.daumcdn.net/simg/image/G01/thumb/0x120_85_hr/50dfbKAT1MW',266,120,2),(539,'http://i4.search.daumcdn.net/simg/image/G01/thumb/0x120_85_hr/Bav7pswLBk5',175,120,2),(539,'http://i4.search.daumcdn.net/simg/image/G01/thumb/0x120_85_hr/B7uHuCTJUQ3',180,120,2),(539,'http://i3.search.daumcdn.net/simg/image/G01/thumb/0x120_85_hr/IcChur53lbC',237,120,2),(539,'http://i3.search.daumcdn.net/simg/image/G01/thumb/0x120_85_hr/E6A36YJPf7K',99,120,2),(539,'http://i4.search.daumcdn.net/simg/image/G01/thumb/0x120_85_hr/8rWmcSkYkQf',258,120,2),(539,'http://i4.search.daumcdn.net/simg/image/G01/thumb/0x120_85_hr/C3TcXllSdtj',179,120,2),(539,'http://i3.search.daumcdn.net/simg/image/G01/thumb/0x120_85_hr/G8iqfLUgbbk',120,120,2),(539,'http://i4.search.daumcdn.net/simg/image/G01/thumb/0x120_85_hr/HOY9pmsol7L',175,120,2),(539,'http://i3.search.daumcdn.net/simg/image/G01/thumb/0x120_85_hr/BNQTMWCn1m2',170,120,2),(539,'http://i4.search.daumcdn.net/simg/image/G01/thumb/0x120_85_hr/3PXMGCYYCuv',252,120,2),(539,'http://i4.search.daumcdn.net/simg/image/G01/thumb/0x120_85_hr/IngT6LNObNl',173,120,2),(539,'http://i3.search.daumcdn.net/simg/image/G01/thumb/0x120_85_hr/oJiSIs6PUU',255,120,2),(539,'http://i3.search.daumcdn.net/simg/image/G01/thumb/0x120_85_hr/G2tqlRkKP6m',176,120,2),(539,'http://i4.search.daumcdn.net/simg/image/G01/thumb/0x120_85_hr/E7RleJdgL13',260,120,2),(540,'http://news.nateimg.co.kr/etc/cms/2014/08/25/1408923551_088.jpg',160,93,1),(540,'http://news.nateimg.co.kr/etc/cms/2014/08/25/1408921754_909.jpg',160,93,3),(540,'http://news.nateimg.co.kr/etc/cms/2014/08/25/1408923647_178.jpg',160,93,4),(540,'http://news.nateimg.co.kr/etc/cms/2014/08/24/1408876601_776.jpg',160,93,4),(540,'http://news.nateimg.co.kr/etc/cms/2014/08/25/1408921901_439.jpg',127,73,3),(540,'http://news.nateimg.co.kr/etc/cms/2014/08/25/1408921661_039.jpg',127,73,2),(540,'http://main.nateimg.co.kr/img/cms/content_pool/2014/08/ktx4.gif',160,100,3),(540,'http://main2.nateimg.co.kr/img/v6/weather/35x35_am_10.png',35,35,1),(540,'http://main.nateimg.co.kr/img/cms/content_pool/2014/08/1(190).jpg',127,73,4),(540,'http://main.nateimg.co.kr/img/cms/content_pool/2014/08/2(187).jpg',127,73,3),(540,'http://main.nateimg.co.kr/img/cms/content_pool/2014/08/3(165).jpg',127,73,4),(540,'http://main.nateimg.co.kr/img/cms/content_pool/2014/08/4(153).jpg',127,73,2),(540,'http://main.nateimg.co.kr/img/cms/content_pool/2014/08/01(27).jpg',299,177,3),(540,'http://main.nateimg.co.kr/img/cms/content_pool/2014/08/02(23).jpg',171,177,7),(540,'http://main.nateimg.co.kr/img/cms/content_pool/2014/08/03(21).jpg',190,239,1),(540,'http://main.nateimg.co.kr/img/cms/content_pool/2014/08/04S(3).jpg',191,177,1),(540,'http://main.nateimg.co.kr/img/cms/content_pool/2014/08/05(20).jpg',140,219,2),(540,'http://main.nateimg.co.kr/img/cms/content_pool/2014/08/06(22).jpg',330,219,2),(540,'http://main.nateimg.co.kr/img/cms/content_pool/2014/08/07(23).jpg',190,157,7),(540,'http://main.nateimg.co.kr/img/cms/content_pool/2014/08/08S(2).jpg',191,219,7),(540,'http://main.nateimg.co.kr/img/cms/content_pool/2014/08/25-1.gif',248,86,2),(540,'http://main.nateimg.co.kr/img/cms/content_pool/2014/08/25-2.gif',248,86,2),(540,'http://main.nateimg.co.kr/img/cms/content_pool/2014/08/nateon_0820.gif',144,90,7),(540,'http://adimg.nateimg.co.kr/img/2014/08/25/superex_280x150.jpg',280,150,2),(540,'http://main.nateimg.co.kr/img/cms/content_pool/2014/05/AD_880x45.gif',880,45,7),(541,'http://i3.search.daumcdn.net/simg/image/G01/thumb/76x76_85_r/GJRepiXCOqq0',76,50,2),(541,'http://i4.search.daumcdn.net/simg/image/G01/thumb/76x76_85_r/Gcxpl3yZNHd0',76,51,2),(541,'http://i3.search.daumcdn.net/simg/image/G01/thumb/76x76_85_r/851z7vZQt1k0',66,76,2),(541,'http://i3.search.daumcdn.net/simg/image/G01/thumb/76x76_85_r/BE58SJj2RyQ0',76,37,2),(541,'http://i1.search.daumcdn.net/archive.search/twitter.com/asiae_daily.jpg',48,48,4),(541,'http://i1.search.daumcdn.net/archive.search/twitter.com/suwonloves.jpg',48,48,2),(541,'http://i1.search.daumcdn.net/archive.search/twitter.com/YTN24.jpg',48,48,2),(541,'http://i1.search.daumcdn.net/thumb/T110x110.l/?fname=http://pbs.twimg.com/media/BnuJ1fiCUAA8ppf.jpg:medium',110,101,2),(541,'http://i1.search.daumcdn.net/archive.search/twitter.com/kbsnewstweet.jpg',48,48,8),(541,'http://i3.search.daumcdn.net/simg/image/G01/thumb/0x120_85_hr/EfD8btXrV8m',192,120,2),(541,'http://i3.search.daumcdn.net/simg/image/G01/thumb/0x120_85_hr/Kj6gx7AXatI',204,120,2),(541,'http://i4.search.daumcdn.net/simg/image/G01/thumb/0x120_85_hr/2rGcrIXDqRh',250,120,2),(541,'http://i4.search.daumcdn.net/simg/image/G01/thumb/0x120_85_hr/LbTybGUJNnz',158,120,2),(541,'http://i4.search.daumcdn.net/simg/image/G01/thumb/0x120_85_hr/AfUk5UZztqJ',104,120,2),(541,'http://i3.search.daumcdn.net/simg/image/G01/thumb/0x120_85_hr/50dfbKAT1MW',266,120,2),(541,'http://i4.search.daumcdn.net/simg/image/G01/thumb/0x120_85_hr/Bav7pswLBk5',175,120,2),(541,'http://i4.search.daumcdn.net/simg/image/G01/thumb/0x120_85_hr/B7uHuCTJUQ3',180,120,2),(541,'http://i3.search.daumcdn.net/simg/image/G01/thumb/0x120_85_hr/IcChur53lbC',237,120,2),(541,'http://i3.search.daumcdn.net/simg/image/G01/thumb/0x120_85_hr/E6A36YJPf7K',99,120,2),(541,'http://i4.search.daumcdn.net/simg/image/G01/thumb/0x120_85_hr/8rWmcSkYkQf',258,120,2),(541,'http://i4.search.daumcdn.net/simg/image/G01/thumb/0x120_85_hr/C3TcXllSdtj',179,120,2),(541,'http://i3.search.daumcdn.net/simg/image/G01/thumb/0x120_85_hr/G8iqfLUgbbk',120,120,2),(541,'http://i4.search.daumcdn.net/simg/image/G01/thumb/0x120_85_hr/HOY9pmsol7L',175,120,2),(541,'http://i3.search.daumcdn.net/simg/image/G01/thumb/0x120_85_hr/BNQTMWCn1m2',170,120,2),(541,'http://i4.search.daumcdn.net/simg/image/G01/thumb/0x120_85_hr/3PXMGCYYCuv',252,120,2),(541,'http://i4.search.daumcdn.net/simg/image/G01/thumb/0x120_85_hr/IngT6LNObNl',173,120,2),(541,'http://i3.search.daumcdn.net/simg/image/G01/thumb/0x120_85_hr/oJiSIs6PUU',255,120,2),(541,'http://i3.search.daumcdn.net/simg/image/G01/thumb/0x120_85_hr/G2tqlRkKP6m',176,120,2),(541,'http://i4.search.daumcdn.net/simg/image/G01/thumb/0x120_85_hr/E7RleJdgL13',260,120,2),(542,'http://i4.search.daumcdn.net/simg/image/G01/thumb/76x76_85_r/1O7HbjQkbUp0',76,76,2),(542,'http://i3.search.daumcdn.net/simg/image/G01/thumb/76x76_85_r/KHFiJZPGFka0',76,76,2),(542,'http://i3.search.daumcdn.net/simg/image/G01/thumb/76x76_85_r/E8p4J2qbdYO0',76,57,1),(542,'http://i1.search.daumcdn.net/archive.search/apps/android/58/20140815-00000000000000593934-58.png',58,58,5),(542,'http://i1.search.daumcdn.net/archive.search/apps/android/58/20140820-00000000000000656452-58.png',58,58,3),(542,'http://i1.search.daumcdn.net/archive.search/apps/apple/58/20140607-544834191-58.png',58,58,5),(542,'http://i1.search.daumcdn.net/archive.search/apps/apple/58/20140605-561022033-58.png',58,58,1),(542,'http://i1.search.daumcdn.net/archive.search/apps/android/58/20140821-00000000000000680090-58.png',58,58,5),(542,'http://i1.search.daumcdn.net/archive.search/apps/android/58/20140821-00000000000000680082-58.png',58,58,5),(543,'http://i4.search.daumcdn.net/simg/image/G01/thumb/76x76_85_r/1O7HbjQkbUp0',76,76,2),(543,'http://i3.search.daumcdn.net/simg/image/G01/thumb/76x76_85_r/KHFiJZPGFka0',76,76,2),(543,'http://i3.search.daumcdn.net/simg/image/G01/thumb/76x76_85_r/E8p4J2qbdYO0',76,57,1),(543,'http://i1.search.daumcdn.net/archive.search/apps/android/58/20140815-00000000000000593934-58.png',58,58,5),(543,'http://i1.search.daumcdn.net/archive.search/apps/android/58/20140820-00000000000000656452-58.png',58,58,3),(543,'http://i1.search.daumcdn.net/archive.search/apps/apple/58/20140607-544834191-58.png',58,58,5),(543,'http://i1.search.daumcdn.net/archive.search/apps/apple/58/20140605-561022033-58.png',58,58,1),(543,'http://i1.search.daumcdn.net/archive.search/apps/android/58/20140821-00000000000000680090-58.png',58,58,5),(543,'http://i1.search.daumcdn.net/archive.search/apps/android/58/20140821-00000000000000680082-58.png',58,58,5),(544,'http://i3.search.daumcdn.net/simg/image/G01/thumb/76x76_85_r/GJRepiXCOqq0',76,50,2),(544,'http://i4.search.daumcdn.net/simg/image/G01/thumb/76x76_85_r/Gcxpl3yZNHd0',76,51,2),(544,'http://i3.search.daumcdn.net/simg/image/G01/thumb/76x76_85_r/851z7vZQt1k0',66,76,2),(544,'http://i3.search.daumcdn.net/simg/image/G01/thumb/76x76_85_r/BE58SJj2RyQ0',76,37,2),(544,'http://i1.search.daumcdn.net/archive.search/twitter.com/asiae_daily.jpg',48,48,4),(544,'http://i1.search.daumcdn.net/archive.search/twitter.com/suwonloves.jpg',48,48,2),(544,'http://i1.search.daumcdn.net/archive.search/twitter.com/YTN24.jpg',48,48,2),(544,'http://i1.search.daumcdn.net/thumb/T110x110.l/?fname=http://pbs.twimg.com/media/BnuJ1fiCUAA8ppf.jpg:medium',110,101,2),(544,'http://i1.search.daumcdn.net/archive.search/twitter.com/kbsnewstweet.jpg',48,48,8),(544,'http://i3.search.daumcdn.net/simg/image/G01/thumb/0x120_85_hr/EfD8btXrV8m',192,120,2),(544,'http://i3.search.daumcdn.net/simg/image/G01/thumb/0x120_85_hr/Kj6gx7AXatI',204,120,2),(544,'http://i4.search.daumcdn.net/simg/image/G01/thumb/0x120_85_hr/2rGcrIXDqRh',250,120,2),(544,'http://i4.search.daumcdn.net/simg/image/G01/thumb/0x120_85_hr/LbTybGUJNnz',158,120,2),(544,'http://i4.search.daumcdn.net/simg/image/G01/thumb/0x120_85_hr/AfUk5UZztqJ',104,120,2),(544,'http://i3.search.daumcdn.net/simg/image/G01/thumb/0x120_85_hr/50dfbKAT1MW',266,120,2),(544,'http://i4.search.daumcdn.net/simg/image/G01/thumb/0x120_85_hr/Bav7pswLBk5',175,120,2),(544,'http://i4.search.daumcdn.net/simg/image/G01/thumb/0x120_85_hr/B7uHuCTJUQ3',180,120,2),(544,'http://i3.search.daumcdn.net/simg/image/G01/thumb/0x120_85_hr/IcChur53lbC',237,120,2),(544,'http://i3.search.daumcdn.net/simg/image/G01/thumb/0x120_85_hr/E6A36YJPf7K',99,120,2),(544,'http://i4.search.daumcdn.net/simg/image/G01/thumb/0x120_85_hr/8rWmcSkYkQf',258,120,2),(544,'http://i4.search.daumcdn.net/simg/image/G01/thumb/0x120_85_hr/C3TcXllSdtj',179,120,2),(544,'http://i3.search.daumcdn.net/simg/image/G01/thumb/0x120_85_hr/G8iqfLUgbbk',120,120,2),(544,'http://i4.search.daumcdn.net/simg/image/G01/thumb/0x120_85_hr/HOY9pmsol7L',175,120,2),(544,'http://i3.search.daumcdn.net/simg/image/G01/thumb/0x120_85_hr/BNQTMWCn1m2',170,120,2),(544,'http://i4.search.daumcdn.net/simg/image/G01/thumb/0x120_85_hr/3PXMGCYYCuv',252,120,2),(544,'http://i4.search.daumcdn.net/simg/image/G01/thumb/0x120_85_hr/IngT6LNObNl',173,120,2),(544,'http://i3.search.daumcdn.net/simg/image/G01/thumb/0x120_85_hr/oJiSIs6PUU',255,120,2),(544,'http://i3.search.daumcdn.net/simg/image/G01/thumb/0x120_85_hr/G2tqlRkKP6m',176,120,2),(544,'http://i4.search.daumcdn.net/simg/image/G01/thumb/0x120_85_hr/E7RleJdgL13',260,120,2),(545,'http://i3.search.daumcdn.net/simg/image/G01/thumb/76x76_85_r/GJRepiXCOqq0',76,50,2),(545,'http://i4.search.daumcdn.net/simg/image/G01/thumb/76x76_85_r/Gcxpl3yZNHd0',76,51,2),(545,'http://i3.search.daumcdn.net/simg/image/G01/thumb/76x76_85_r/851z7vZQt1k0',66,76,2),(545,'http://i3.search.daumcdn.net/simg/image/G01/thumb/76x76_85_r/BE58SJj2RyQ0',76,37,2),(545,'http://i1.search.daumcdn.net/archive.search/twitter.com/asiae_daily.jpg',48,48,4),(545,'http://i1.search.daumcdn.net/archive.search/twitter.com/suwonloves.jpg',48,48,2),(545,'http://i1.search.daumcdn.net/archive.search/twitter.com/YTN24.jpg',48,48,2),(545,'http://i1.search.daumcdn.net/thumb/T110x110.l/?fname=http://pbs.twimg.com/media/BnuJ1fiCUAA8ppf.jpg:medium',110,101,2),(545,'http://i1.search.daumcdn.net/archive.search/twitter.com/kbsnewstweet.jpg',48,48,8),(545,'http://i3.search.daumcdn.net/simg/image/G01/thumb/0x120_85_hr/EfD8btXrV8m',192,120,2),(545,'http://i3.search.daumcdn.net/simg/image/G01/thumb/0x120_85_hr/Kj6gx7AXatI',204,120,2),(545,'http://i4.search.daumcdn.net/simg/image/G01/thumb/0x120_85_hr/2rGcrIXDqRh',250,120,2),(545,'http://i4.search.daumcdn.net/simg/image/G01/thumb/0x120_85_hr/LbTybGUJNnz',158,120,2),(545,'http://i4.search.daumcdn.net/simg/image/G01/thumb/0x120_85_hr/AfUk5UZztqJ',104,120,2),(545,'http://i3.search.daumcdn.net/simg/image/G01/thumb/0x120_85_hr/50dfbKAT1MW',266,120,2),(545,'http://i4.search.daumcdn.net/simg/image/G01/thumb/0x120_85_hr/Bav7pswLBk5',175,120,2),(545,'http://i4.search.daumcdn.net/simg/image/G01/thumb/0x120_85_hr/B7uHuCTJUQ3',180,120,2),(545,'http://i3.search.daumcdn.net/simg/image/G01/thumb/0x120_85_hr/IcChur53lbC',237,120,2),(545,'http://i3.search.daumcdn.net/simg/image/G01/thumb/0x120_85_hr/E6A36YJPf7K',99,120,2),(545,'http://i4.search.daumcdn.net/simg/image/G01/thumb/0x120_85_hr/8rWmcSkYkQf',258,120,2),(545,'http://i4.search.daumcdn.net/simg/image/G01/thumb/0x120_85_hr/C3TcXllSdtj',179,120,2),(545,'http://i3.search.daumcdn.net/simg/image/G01/thumb/0x120_85_hr/G8iqfLUgbbk',120,120,2),(545,'http://i4.search.daumcdn.net/simg/image/G01/thumb/0x120_85_hr/HOY9pmsol7L',175,120,2),(545,'http://i3.search.daumcdn.net/simg/image/G01/thumb/0x120_85_hr/BNQTMWCn1m2',170,120,2),(545,'http://i4.search.daumcdn.net/simg/image/G01/thumb/0x120_85_hr/3PXMGCYYCuv',252,120,2),(545,'http://i4.search.daumcdn.net/simg/image/G01/thumb/0x120_85_hr/IngT6LNObNl',173,120,2),(545,'http://i3.search.daumcdn.net/simg/image/G01/thumb/0x120_85_hr/oJiSIs6PUU',255,120,2),(545,'http://i3.search.daumcdn.net/simg/image/G01/thumb/0x120_85_hr/G2tqlRkKP6m',176,120,2),(545,'http://i4.search.daumcdn.net/simg/image/G01/thumb/0x120_85_hr/E7RleJdgL13',260,120,2),(546,'http://i3.search.daumcdn.net/simg/image/G01/thumb/76x76_85_r/GJRepiXCOqq0',76,50,2),(546,'http://i4.search.daumcdn.net/simg/image/G01/thumb/76x76_85_r/Gcxpl3yZNHd0',76,51,2),(546,'http://i3.search.daumcdn.net/simg/image/G01/thumb/76x76_85_r/851z7vZQt1k0',66,76,2),(546,'http://i3.search.daumcdn.net/simg/image/G01/thumb/76x76_85_r/BE58SJj2RyQ0',76,37,2),(546,'http://i1.search.daumcdn.net/archive.search/twitter.com/asiae_daily.jpg',48,48,4),(546,'http://i1.search.daumcdn.net/archive.search/twitter.com/suwonloves.jpg',48,48,2),(546,'http://i1.search.daumcdn.net/archive.search/twitter.com/YTN24.jpg',48,48,2),(546,'http://i1.search.daumcdn.net/thumb/T110x110.l/?fname=http://pbs.twimg.com/media/BnuJ1fiCUAA8ppf.jpg:medium',110,101,2),(546,'http://i1.search.daumcdn.net/archive.search/twitter.com/kbsnewstweet.jpg',48,48,8),(546,'http://i3.search.daumcdn.net/simg/image/G01/thumb/0x120_85_hr/EfD8btXrV8m',192,120,2),(546,'http://i3.search.daumcdn.net/simg/image/G01/thumb/0x120_85_hr/Kj6gx7AXatI',204,120,2),(546,'http://i4.search.daumcdn.net/simg/image/G01/thumb/0x120_85_hr/2rGcrIXDqRh',250,120,2),(546,'http://i4.search.daumcdn.net/simg/image/G01/thumb/0x120_85_hr/LbTybGUJNnz',158,120,2),(546,'http://i4.search.daumcdn.net/simg/image/G01/thumb/0x120_85_hr/AfUk5UZztqJ',104,120,2),(546,'http://i3.search.daumcdn.net/simg/image/G01/thumb/0x120_85_hr/50dfbKAT1MW',266,120,2),(546,'http://i4.search.daumcdn.net/simg/image/G01/thumb/0x120_85_hr/Bav7pswLBk5',175,120,2),(546,'http://i4.search.daumcdn.net/simg/image/G01/thumb/0x120_85_hr/B7uHuCTJUQ3',180,120,2),(546,'http://i3.search.daumcdn.net/simg/image/G01/thumb/0x120_85_hr/IcChur53lbC',237,120,2),(546,'http://i3.search.daumcdn.net/simg/image/G01/thumb/0x120_85_hr/E6A36YJPf7K',99,120,2),(546,'http://i4.search.daumcdn.net/simg/image/G01/thumb/0x120_85_hr/8rWmcSkYkQf',258,120,2),(546,'http://i4.search.daumcdn.net/simg/image/G01/thumb/0x120_85_hr/C3TcXllSdtj',179,120,2),(546,'http://i3.search.daumcdn.net/simg/image/G01/thumb/0x120_85_hr/G8iqfLUgbbk',120,120,2),(546,'http://i4.search.daumcdn.net/simg/image/G01/thumb/0x120_85_hr/HOY9pmsol7L',175,120,2),(546,'http://i3.search.daumcdn.net/simg/image/G01/thumb/0x120_85_hr/BNQTMWCn1m2',170,120,2),(546,'http://i4.search.daumcdn.net/simg/image/G01/thumb/0x120_85_hr/3PXMGCYYCuv',252,120,2),(546,'http://i4.search.daumcdn.net/simg/image/G01/thumb/0x120_85_hr/IngT6LNObNl',173,120,2),(546,'http://i3.search.daumcdn.net/simg/image/G01/thumb/0x120_85_hr/oJiSIs6PUU',255,120,2),(546,'http://i3.search.daumcdn.net/simg/image/G01/thumb/0x120_85_hr/G2tqlRkKP6m',176,120,2),(546,'http://i4.search.daumcdn.net/simg/image/G01/thumb/0x120_85_hr/E7RleJdgL13',260,120,2),(553,'http://ts3.mm.bing.net/th?id=VN.607997932918146570&pid=15.1&W=160&H=89',160,89,1),(553,'http://ts1.mm.bing.net/th?id=VN.608050838318745940&pid=15.1&W=160&H=96',160,96,8),(553,'http://ts2.mm.bing.net/th?id=VN.608045864749502401&pid=15.1&W=160&H=120',160,120,3),(553,'http://ts3.mm.bing.net/th?id=VN.607991417452956934&pid=15.1&W=160&H=89',160,89,4),(553,'http://ts4.mm.bing.net/th?id=VN.607989411691955139&pid=15.1&W=160&H=120',160,120,7),(553,'http://ts2.mm.bing.net/th?id=VN.608052242773838601&pid=15.1&W=160&H=89',160,89,2),(553,'http://ts3.mm.bing.net/th?id=VN.608052448924010374&pid=15.1&W=160&H=89',160,89,1),(553,'http://ts3.mm.bing.net/th?id=VN.607988247763618986&pid=15.1&W=160&H=120',160,120,3),(554,'http://ts2.mm.bing.net/th?id=HN.608015984664316289&pid=15.1',300,181,2),(554,'http://ts2.mm.bing.net/th?id=HN.607987612108718405&pid=15.1',300,151,2),(554,'http://ts1.mm.bing.net/th?id=HN.608054562060501284&pid=15.1',300,190,2),(554,'http://ts2.mm.bing.net/th?id=HN.608008232243366617&pid=15.1',480,242,1),(554,'http://ts1.mm.bing.net/th?id=HN.607995514847758932&pid=15.1',300,200,1),(554,'http://ts2.mm.bing.net/th?id=HN.608010418389385781&pid=15.1',300,195,2),(554,'http://ts4.mm.bing.net/th?id=HN.608014524369145339&pid=15.1',300,152,2),(554,'http://ts2.mm.bing.net/th?id=HN.607998078941007117&pid=15.1',300,150,8),(554,'http://ts3.mm.bing.net/th?id=VN.607997932918146570&pid=15.1&W=160&H=89',160,89,1),(554,'http://ts1.mm.bing.net/th?id=VN.608050838318745940&pid=15.1&W=160&H=96',160,96,8),(554,'http://ts2.mm.bing.net/th?id=VN.608045864749502401&pid=15.1&W=160&H=120',160,120,3),(554,'http://ts3.mm.bing.net/th?id=VN.607991417452956934&pid=15.1&W=160&H=89',160,89,4),(554,'http://ts4.mm.bing.net/th?id=VN.607989411691955139&pid=15.1&W=160&H=120',160,120,7),(554,'http://ts2.mm.bing.net/th?id=VN.608052242773838601&pid=15.1&W=160&H=89',160,89,2),(554,'http://ts3.mm.bing.net/th?id=VN.608052448924010374&pid=15.1&W=160&H=89',160,89,1),(554,'http://ts3.mm.bing.net/th?id=VN.607988247763618986&pid=15.1&W=160&H=120',160,120,3),(555,'http://ts2.mm.bing.net/th?id=HN.608015984664316289&pid=15.1',300,181,2),(555,'http://ts2.mm.bing.net/th?id=HN.607987612108718405&pid=15.1',300,151,2),(555,'http://ts1.mm.bing.net/th?id=HN.608054562060501284&pid=15.1',300,190,2),(555,'http://ts2.mm.bing.net/th?id=HN.608008232243366617&pid=15.1',480,242,1),(555,'http://ts1.mm.bing.net/th?id=HN.607995514847758932&pid=15.1',300,200,1),(555,'http://ts2.mm.bing.net/th?id=HN.608010418389385781&pid=15.1',300,195,2),(555,'http://ts4.mm.bing.net/th?id=HN.608014524369145339&pid=15.1',300,152,2),(555,'http://ts2.mm.bing.net/th?id=HN.607998078941007117&pid=15.1',300,150,8),(555,'http://ts3.mm.bing.net/th?id=VN.607997932918146570&pid=15.1&W=160&H=89',160,89,1),(555,'http://ts1.mm.bing.net/th?id=VN.608050838318745940&pid=15.1&W=160&H=96',160,96,8),(555,'http://ts2.mm.bing.net/th?id=VN.608045864749502401&pid=15.1&W=160&H=120',160,120,3),(555,'http://ts3.mm.bing.net/th?id=VN.607991417452956934&pid=15.1&W=160&H=89',160,89,4),(555,'http://ts4.mm.bing.net/th?id=VN.607989411691955139&pid=15.1&W=160&H=120',160,120,7),(555,'http://ts2.mm.bing.net/th?id=VN.608052242773838601&pid=15.1&W=160&H=89',160,89,2),(555,'http://ts3.mm.bing.net/th?id=VN.608052448924010374&pid=15.1&W=160&H=89',160,89,1),(555,'http://ts3.mm.bing.net/th?id=VN.607988247763618986&pid=15.1&W=160&H=120',160,120,3),(556,'http://ts2.mm.bing.net/th?id=HN.608015984664316289&pid=15.1',300,181,2),(556,'http://ts2.mm.bing.net/th?id=HN.607987612108718405&pid=15.1',300,151,2),(556,'http://ts1.mm.bing.net/th?id=HN.608054562060501284&pid=15.1',300,190,2),(556,'http://ts2.mm.bing.net/th?id=HN.608008232243366617&pid=15.1',480,242,1),(556,'http://ts1.mm.bing.net/th?id=HN.607995514847758932&pid=15.1',300,200,1),(556,'http://ts2.mm.bing.net/th?id=HN.608010418389385781&pid=15.1',300,195,2),(556,'http://ts4.mm.bing.net/th?id=HN.608014524369145339&pid=15.1',300,152,2),(556,'http://ts2.mm.bing.net/th?id=HN.607998078941007117&pid=15.1',300,150,8),(556,'http://ts3.mm.bing.net/th?id=VN.607997932918146570&pid=15.1&W=160&H=89',160,89,1),(556,'http://ts1.mm.bing.net/th?id=VN.608050838318745940&pid=15.1&W=160&H=96',160,96,8),(556,'http://ts2.mm.bing.net/th?id=VN.608045864749502401&pid=15.1&W=160&H=120',160,120,3),(556,'http://ts3.mm.bing.net/th?id=VN.607991417452956934&pid=15.1&W=160&H=89',160,89,4),(556,'http://ts4.mm.bing.net/th?id=VN.607989411691955139&pid=15.1&W=160&H=120',160,120,7),(556,'http://ts2.mm.bing.net/th?id=VN.608052242773838601&pid=15.1&W=160&H=89',160,89,2),(556,'http://ts3.mm.bing.net/th?id=VN.608052448924010374&pid=15.1&W=160&H=89',160,89,1),(556,'http://ts3.mm.bing.net/th?id=VN.607988247763618986&pid=15.1&W=160&H=120',160,120,3),(562,'http://ts2.mm.bing.net/th?id=HN.608015984664316289&pid=15.1',300,181,2),(562,'http://ts2.mm.bing.net/th?id=HN.607987612108718405&pid=15.1',300,151,2),(562,'http://ts1.mm.bing.net/th?id=HN.608054562060501284&pid=15.1',300,190,2),(562,'http://ts2.mm.bing.net/th?id=HN.608008232243366617&pid=15.1',480,242,1),(562,'http://ts1.mm.bing.net/th?id=HN.607995514847758932&pid=15.1',300,200,1),(562,'http://ts2.mm.bing.net/th?id=HN.608010418389385781&pid=15.1',300,195,2),(562,'http://ts4.mm.bing.net/th?id=HN.608014524369145339&pid=15.1',300,152,2),(562,'http://ts2.mm.bing.net/th?id=HN.607998078941007117&pid=15.1',300,150,8),(562,'http://ts3.mm.bing.net/th?id=VN.607997932918146570&pid=15.1&W=160&H=89',160,89,1),(562,'http://ts1.mm.bing.net/th?id=VN.608050838318745940&pid=15.1&W=160&H=96',160,96,8),(562,'http://ts2.mm.bing.net/th?id=VN.608045864749502401&pid=15.1&W=160&H=120',160,120,3),(562,'http://ts3.mm.bing.net/th?id=VN.607991417452956934&pid=15.1&W=160&H=89',160,89,4),(562,'http://ts4.mm.bing.net/th?id=VN.607989411691955139&pid=15.1&W=160&H=120',160,120,7),(562,'http://ts2.mm.bing.net/th?id=VN.608052242773838601&pid=15.1&W=160&H=89',160,89,2),(562,'http://ts3.mm.bing.net/th?id=VN.608052448924010374&pid=15.1&W=160&H=89',160,89,1),(562,'http://ts3.mm.bing.net/th?id=VN.607988247763618986&pid=15.1&W=160&H=120',160,120,3),(563,'http://ts2.mm.bing.net/th?id=HN.608015984664316289&pid=15.1',300,181,2),(563,'http://ts2.mm.bing.net/th?id=HN.607987612108718405&pid=15.1',300,151,2),(563,'http://ts1.mm.bing.net/th?id=HN.608054562060501284&pid=15.1',300,190,2),(563,'http://ts2.mm.bing.net/th?id=HN.608008232243366617&pid=15.1',480,242,1),(563,'http://ts2.mm.bing.net/th?id=HN.608010418389385781&pid=15.1',300,195,2),(563,'http://ts2.mm.bing.net/th?id=HN.607995514840811213&pid=15.1',300,200,1),(563,'http://ts4.mm.bing.net/th?id=HN.608014524369145339&pid=15.1',300,152,2),(563,'http://ts2.mm.bing.net/th?id=HN.607998078941007117&pid=15.1',300,150,8),(563,'http://ts3.mm.bing.net/th?id=VN.607997932918146570&pid=15.1&W=160&H=89',160,89,1),(563,'http://ts1.mm.bing.net/th?id=VN.608050838318745940&pid=15.1&W=160&H=96',160,96,8),(563,'http://ts2.mm.bing.net/th?id=VN.608045864749502401&pid=15.1&W=160&H=120',160,120,3),(563,'http://ts3.mm.bing.net/th?id=VN.607991417452956934&pid=15.1&W=160&H=89',160,89,4),(563,'http://ts4.mm.bing.net/th?id=VN.607989411691955139&pid=15.1&W=160&H=120',160,120,7),(563,'http://ts2.mm.bing.net/th?id=VN.608052242773838601&pid=15.1&W=160&H=89',160,89,2),(563,'http://ts3.mm.bing.net/th?id=VN.608052448924010374&pid=15.1&W=160&H=89',160,89,1),(563,'http://ts3.mm.bing.net/th?id=VN.607988247763618986&pid=15.1&W=160&H=120',160,120,3),(567,'https://avatars0.githubusercontent.com/u/3874599?v=2&s=60',420,420,2),(567,'https://avatars1.githubusercontent.com/u/3874599?v=2&s=32',420,420,2),(568,'https://avatars2.githubusercontent.com/u/3794501?v=2&s=40',40,40,3),(568,'https://assets-cdn.github.com/images/spinners/octocat-spinner-32.gif',32,32,3),(569,'https://assets-cdn.github.com/images/spinners/octocat-spinner-128.gif',128,128,1),(569,'https://avatars1.githubusercontent.com/u/3794501?v=2&s=32',32,32,3),(569,'https://avatars1.githubusercontent.com/u/3874599?v=2&s=32',420,420,2),(570,'https://assets-cdn.github.com/images/spinners/octocat-spinner-128.gif',128,128,1),(570,'https://avatars1.githubusercontent.com/u/3794501?v=2&s=32',32,32,3),(570,'https://avatars1.githubusercontent.com/u/3874599?v=2&s=32',420,420,2),(571,'https://assets-cdn.github.com/images/spinners/octocat-spinner-128.gif',128,128,1),(571,'https://avatars1.githubusercontent.com/u/3794501?v=2&s=32',32,32,3),(571,'https://avatars1.githubusercontent.com/u/3874599?v=2&s=32',420,420,2),(572,'https://assets-cdn.github.com/images/spinners/octocat-spinner-128.gif',128,128,1),(572,'https://avatars2.githubusercontent.com/u/3794501?v=2&s=96',96,96,3),(572,'https://avatars2.githubusercontent.com/u/3874599?v=2&s=96',420,420,2),(572,'https://cloud.githubusercontent.com/assets/3874599/4001601/e150cef4-2964-11e4-92d7-333faafb262e.png',848,728,2),(575,'https://avatars0.githubusercontent.com/u/3874599?v=2&s=60',420,420,2),(575,'https://avatars1.githubusercontent.com/u/3874599?v=2&s=32',420,420,2),(576,'https://avatars2.githubusercontent.com/u/3794501?v=2&s=40',40,40,3),(576,'https://assets-cdn.github.com/images/spinners/octocat-spinner-32.gif',32,32,3),(577,'https://assets-cdn.github.com/images/spinners/octocat-spinner-128.gif',128,128,1),(577,'https://avatars1.githubusercontent.com/u/3794501?v=2&s=32',32,32,3),(577,'https://avatars1.githubusercontent.com/u/3874599?v=2&s=32',420,420,-1),(578,'https://assets-cdn.github.com/images/spinners/octocat-spinner-128.gif',128,128,-1),(578,'https://avatars1.githubusercontent.com/u/3794501?v=2&s=32',32,32,3),(578,'https://avatars1.githubusercontent.com/u/3874599?v=2&s=32',420,420,-1),(579,'https://assets-cdn.github.com/images/spinners/octocat-spinner-128.gif',128,128,-1),(579,'https://avatars1.githubusercontent.com/u/3794501?v=2&s=32',32,32,3),(579,'https://avatars1.githubusercontent.com/u/3874599?v=2&s=32',420,420,-1),(580,'https://assets-cdn.github.com/images/spinners/octocat-spinner-128.gif',128,128,-1),(580,'https://avatars2.githubusercontent.com/u/3794501?v=2&s=96',96,96,-1),(580,'https://avatars2.githubusercontent.com/u/3874599?v=2&s=96',420,420,-1),(580,'https://cloud.githubusercontent.com/assets/3874599/4001601/e150cef4-2964-11e4-92d7-333faafb262e.png',848,728,-1),(582,'https://assets-cdn.github.com/images/spinners/octocat-spinner-128.gif',128,128,1),(582,'https://avatars2.githubusercontent.com/u/3794501?v=2&s=96',96,96,3),(582,'https://avatars2.githubusercontent.com/u/3874599?v=2&s=96',420,420,2),(582,'https://cloud.githubusercontent.com/assets/3874599/4001601/e150cef4-2964-11e4-92d7-333faafb262e.png',848,728,2),(582,'https://avatars1.githubusercontent.com/u/3794501?v=2&s=32',32,32,3),(586,'https://assets-cdn.github.com/images/spinners/octocat-spinner-128.gif',128,128,1),(586,'https://avatars2.githubusercontent.com/u/3794501?v=2&s=96',96,96,3),(586,'https://avatars2.githubusercontent.com/u/3874599?v=2&s=96',420,420,2),(586,'https://cloud.githubusercontent.com/assets/3874599/4001601/e150cef4-2964-11e4-92d7-333faafb262e.png',848,728,2),(586,'https://avatars1.githubusercontent.com/u/3794501?v=2&s=32',32,32,3),(587,'https://assets-cdn.github.com/images/spinners/octocat-spinner-128.gif',128,128,1),(587,'https://avatars2.githubusercontent.com/u/3794501?v=2&s=96',96,96,3),(587,'https://avatars2.githubusercontent.com/u/3874599?v=2&s=96',420,420,2),(587,'https://cloud.githubusercontent.com/assets/3874599/4001601/e150cef4-2964-11e4-92d7-333faafb262e.png',848,728,2),(587,'https://avatars1.githubusercontent.com/u/3794501?v=2&s=32',32,32,3),(588,'https://assets-cdn.github.com/images/spinners/octocat-spinner-128.gif',128,128,1),(588,'https://avatars2.githubusercontent.com/u/3794501?v=2&s=96',96,96,3),(588,'https://avatars2.githubusercontent.com/u/3874599?v=2&s=96',420,420,2),(588,'https://cloud.githubusercontent.com/assets/3874599/4001601/e150cef4-2964-11e4-92d7-333faafb262e.png',848,728,2),(588,'https://avatars1.githubusercontent.com/u/3794501?v=2&s=32',32,32,3),(592,'http://portal.sungshin.ac.kr//html/portlet/login/img/loginbox_image03.gif',59,81,2),(592,'http://portal.sungshin.ac.kr//html/portlet/login/img/loginbox_image06.gif',59,51,2),(592,'http://portal.sungshin.ac.kr//html/portlet/login/img/loginbox_image01.gif',55,81,2),(592,'http://portal.sungshin.ac.kr//html/portlet/login/img/loginbox_image02.gif',237,80,-1),(592,'http://portal.sungshin.ac.kr//html/portlet/login/img/loginbox_image04.gif',55,50,2),(592,'http://portal.sungshin.ac.kr//html/portlet/login/img/image_lefttop.gif',522,238,-1),(592,'http://portal.sungshin.ac.kr//html/portlet/login/img/loginbox_image09.gif',59,19,2),(592,'http://portal.sungshin.ac.kr//html/portlet/login/img/loginbox_image10.gif',55,87,2),(592,'http://portal.sungshin.ac.kr//html/portlet/login/img/loginbox_image11.gif',59,87,-1),(592,'http://portal.sungshin.ac.kr//html/portlet/login/img/loginbox_image07.gif',55,19,2),(592,'http://portal.sungshin.ac.kr//html/portlet/login/img/online_title.gif',90,19,2),(592,'http://portal.sungshin.ac.kr//html/portlet/login/img/image_leftmiddle.gif',546,300,-1),(592,'http://portal.sungshin.ac.kr//html/portlet/login/img/loginbox_text.gif',237,87,-1),(592,'http://portal.sungshin.ac.kr//html/portlet/login/img/banner_image02.gif',240,24,2),(592,'http://portal.sungshin.ac.kr//html/portlet/login/img/bbs02_image01.gif',99,95,-1),(592,'http://portal.sungshin.ac.kr//html/portlet/login/img/bbs02_dot.gif',3,5,4),(592,'http://portal.sungshin.ac.kr//html/portlet/login/img/bbs02_dot.gif',3,5,4),(592,'http://portal.sungshin.ac.kr//html/portlet/login/img/bbs02_dot.gif',3,5,4),(592,'http://portal.sungshin.ac.kr//html/portlet/login/img/bbs02_dot.gif',3,5,4),(592,'http://portal.sungshin.ac.kr//html/portlet/login/img/bbs02_dot.gif',3,5,4),(592,'http://portal.sungshin.ac.kr//html/portlet/login/img/bbs02_dot.gif',3,5,4),(592,'http://portal.sungshin.ac.kr//html/portlet/login/img/bbs03_image01.gif',99,95,-1),(592,'http://portal.sungshin.ac.kr//html/portlet/login/img/bbs0203_line01.gif',99,16,2),(592,'http://portal.sungshin.ac.kr//html/portlet/login/img/bbs0203_line01.gif',99,16,2),(592,'http://portal.sungshin.ac.kr//html/portlet/login/img/bbs03_dot.gif',3,5,5),(592,'http://portal.sungshin.ac.kr//html/portlet/login/img/bbs03_dot.gif',3,5,5),(592,'http://portal.sungshin.ac.kr//html/portlet/login/img/bbs03_dot.gif',3,5,5),(592,'http://portal.sungshin.ac.kr//html/portlet/login/img/bbs03_dot.gif',3,5,5),(592,'http://portal.sungshin.ac.kr//html/portlet/login/img/bbs03_dot.gif',3,5,5),(592,'http://portal.sungshin.ac.kr//html/portlet/login/img/bbs03_dot.gif',3,5,5),(592,'http://portal.sungshin.ac.kr//html/portlet/login/img/image_leftbottom.gif',485,161,-1),(592,'http://portal.sungshin.ac.kr//html/portlet/login/img/bbs04_image01.gif',99,95,-1),(592,'http://portal.sungshin.ac.kr//html/portlet/login/img/bbs04_dot.gif',3,5,7),(592,'http://portal.sungshin.ac.kr//html/portlet/login/img/bbs04_dot.gif',3,5,7),(592,'http://portal.sungshin.ac.kr//html/portlet/login/img/bbs04_dot.gif',3,5,7),(592,'http://portal.sungshin.ac.kr//html/portlet/login/img/bbs04_dot.gif',3,5,7),(592,'http://portal.sungshin.ac.kr//html/portlet/login/img/bbs04_dot.gif',3,5,7),(592,'http://portal.sungshin.ac.kr//html/portlet/login/img/bbs04_dot.gif',3,5,7),(592,'http://portal.sungshin.ac.kr//html/portlet/login/img/image_address01.gif',485,51,-1),(592,'http://portal.sungshin.ac.kr//html/portlet/login/img/image_address02.gif',301,51,-1),(592,'http://portal.sungshin.ac.kr//html/portlet/login/img/banner_image01.gif',301,161,-1),(592,'http://portal.sungshin.ac.kr//html/portlet/login/img/image_address03.gif',414,51,-1),(598,'http://acm.sungshin.ac.kr/proweb/install/help/img3/PIC8B58.png',606,243,-1),(598,'http://acm.sungshin.ac.kr/proweb/install/help/img3/PIC8C07.png',347,357,-1),(598,'http://acm.sungshin.ac.kr/proweb/install/help/img3/PIC8BB8.png',532,364,-1),(598,'http://acm.sungshin.ac.kr/proweb/install/help/img3/PIC8C46.png',602,378,-1),(598,'http://acm.sungshin.ac.kr/proweb/install/help/img3/PIC8BA7.png',8,11,2),(599,'https://avatars0.githubusercontent.com/u/3874599?v=2&s=60',420,420,2),(599,'https://avatars1.githubusercontent.com/u/3874599?v=2&s=32',420,420,2),(600,'https://avatars2.githubusercontent.com/u/3794501?v=2&s=40',40,40,3),(600,'https://assets-cdn.github.com/images/spinners/octocat-spinner-32.gif',32,32,3),(601,'https://assets-cdn.github.com/images/spinners/octocat-spinner-128.gif',128,128,-1),(601,'https://avatars1.githubusercontent.com/u/3794501?v=2&s=32',32,32,3),(601,'https://avatars1.githubusercontent.com/u/3874599?v=2&s=32',420,420,-1),(602,'https://assets-cdn.github.com/images/spinners/octocat-spinner-128.gif',128,128,-1),(602,'https://avatars1.githubusercontent.com/u/3794501?v=2&s=32',32,32,3),(602,'https://avatars1.githubusercontent.com/u/3874599?v=2&s=32',420,420,-1),(603,'https://assets-cdn.github.com/images/spinners/octocat-spinner-128.gif',128,128,-1),(603,'https://avatars1.githubusercontent.com/u/3794501?v=2&s=32',32,32,3),(603,'https://avatars1.githubusercontent.com/u/3874599?v=2&s=32',420,420,-1),(604,'https://assets-cdn.github.com/images/spinners/octocat-spinner-128.gif',128,128,-1),(604,'https://avatars2.githubusercontent.com/u/3794501?v=2&s=96',96,96,-1),(604,'https://cloud.githubusercontent.com/assets/3794501/4023648/70bd37ea-2b9e-11e4-9bf5-5cd3677da0a3.png',612,418,-1),(604,'https://cloud.githubusercontent.com/assets/3794501/4023822/6a45ea56-2ba8-11e4-9047-1bd1b921e99f.png',612,418,-1),(605,'http://acm.sungshin.ac.kr/proweb/install/help/img3/PIC8B58.png',606,243,2),(605,'http://acm.sungshin.ac.kr/proweb/install/help/img3/PIC8BB8.png',532,364,2),(605,'http://acm.sungshin.ac.kr/proweb/install/help/img3/PIC8C07.png',347,357,2),(605,'http://acm.sungshin.ac.kr/proweb/install/help/img3/PIC8C46.png',602,378,2),(605,'http://acm.sungshin.ac.kr/proweb/install/help/img3/PIC8BA7.png',8,11,2),(606,'https://assets-cdn.github.com/images/spinners/octocat-spinner-128.gif',128,128,1),(606,'https://avatars2.githubusercontent.com/u/3794501?v=2&s=96',96,96,3),(606,'https://avatars2.githubusercontent.com/u/3874599?v=2&s=96',420,420,-1),(606,'https://cloud.githubusercontent.com/assets/3874599/4001601/e150cef4-2964-11e4-92d7-333faafb262e.png',848,728,-1),(606,'https://avatars1.githubusercontent.com/u/3794501?v=2&s=32',32,32,3),(620,'http://i.creativecommons.org/l/by-nc-nd/2.0/kr/88x31.png',88,31,1),(620,'http://ts.daumcdn.net/custom/blog/35/354262/skin/images/subup.gif',39,15,2),(620,'http://i1.daumcdn.net/cfs.tistory/v/0/static/admin/editor/ccl_black01.png',15,15,3),(645,'https://assets-cdn.github.com/images/spinners/octocat-spinner-128.gif',128,128,1),(645,'https://avatars1.githubusercontent.com/u/3794501?v=2&s=32',32,32,3),(645,'https://avatars1.githubusercontent.com/u/3874599?v=2&s=32',420,420,2),(646,'https://assets-cdn.github.com/images/spinners/octocat-spinner-128.gif',128,128,1),(646,'https://avatars1.githubusercontent.com/u/3794501?v=2&s=32',32,32,3),(646,'https://avatars1.githubusercontent.com/u/3874599?v=2&s=32',420,420,2),(647,'https://assets-cdn.github.com/images/spinners/octocat-spinner-128.gif',128,128,1),(647,'https://avatars2.githubusercontent.com/u/3794501?v=2&s=96',96,96,3),(648,'https://assets-cdn.github.com/images/spinners/octocat-spinner-128.gif',128,128,1),(648,'https://avatars1.githubusercontent.com/u/3794501?v=2&s=32',32,32,3),(648,'https://avatars1.githubusercontent.com/u/3874599?v=2&s=32',420,420,-1),(649,'https://assets-cdn.github.com/images/spinners/octocat-spinner-128.gif',128,128,-1),(649,'https://avatars1.githubusercontent.com/u/3794501?v=2&s=32',32,32,3),(649,'https://avatars1.githubusercontent.com/u/3874599?v=2&s=32',420,420,-1),(650,'https://assets-cdn.github.com/images/spinners/octocat-spinner-128.gif',128,128,-1),(650,'https://avatars1.githubusercontent.com/u/3794501?v=2&s=32',32,32,3),(650,'https://avatars1.githubusercontent.com/u/3874599?v=2&s=32',420,420,-1),(651,'https://assets-cdn.github.com/images/spinners/octocat-spinner-128.gif',128,128,1),(651,'https://avatars2.githubusercontent.com/u/3794501?v=2&s=96',96,96,3),(651,'https://cloud.githubusercontent.com/assets/3794501/3878723/ced3f094-2171-11e4-90d9-ebcb6a272e1f.png',1600,900,-1),(651,'https://cloud.githubusercontent.com/assets/3794501/3878729/d7ff1a5e-2171-11e4-8451-e23d16a82388.png',1600,900,-1),(651,'https://cloud.githubusercontent.com/assets/3794501/3878734/e1dafc82-2171-11e4-8127-fb1b310a8fbb.png',1600,900,-1),(651,'https://cloud.githubusercontent.com/assets/3794501/4006592/7582e0d6-29af-11e4-8df2-cd6ffb352572.png',612,418,-1),(651,'https://avatars1.githubusercontent.com/u/3794501?v=2&s=32',32,32,3),(651,'https://cloud.githubusercontent.com/assets/3794501/4023653/9b961c70-2b9e-11e4-9b28-2a4fe535bf27.png',612,418,-1),(651,'https://cloud.githubusercontent.com/assets/3794501/3879111/95f040d0-2175-11e4-8609-19096bc74817.png',1600,900,-1),(651,'https://cloud.githubusercontent.com/assets/3794501/4006593/7e4f8fe8-29af-11e4-8bff-3a18b89074bc.png',612,418,-1),(651,'https://cloud.githubusercontent.com/assets/3794501/4023652/9888e6ac-2b9e-11e4-88fe-60d1dae507f1.png',612,418,-1),(652,'https://assets-cdn.github.com/images/spinners/octocat-spinner-128.gif',128,128,1),(652,'https://avatars1.githubusercontent.com/u/3794501?v=2&s=32',32,32,3),(652,'https://avatars1.githubusercontent.com/u/3874599?v=2&s=32',420,420,-1),(653,'https://cloud.githubusercontent.com/assets/3794501/4026051/923a2c5c-2c0c-11e4-84cf-488579469cfa.png',612,418,-1),(660,'https://assets-cdn.github.com/images/spinners/octocat-spinner-128.gif',128,128,1),(660,'https://avatars1.githubusercontent.com/u/3794501?v=2&s=32',32,32,3),(660,'https://avatars1.githubusercontent.com/u/3874599?v=2&s=32',420,420,2),(661,'https://assets-cdn.github.com/images/spinners/octocat-spinner-128.gif',128,128,1),(661,'https://avatars1.githubusercontent.com/u/3794501?v=2&s=32',32,32,3),(661,'https://avatars1.githubusercontent.com/u/3874599?v=2&s=32',420,420,2),(662,'https://assets-cdn.github.com/images/spinners/octocat-spinner-128.gif',128,128,1),(662,'https://avatars1.githubusercontent.com/u/3794501?v=2&s=32',32,32,3),(662,'https://avatars1.githubusercontent.com/u/3874599?v=2&s=32',420,420,2),(663,'https://assets-cdn.github.com/images/spinners/octocat-spinner-128.gif',128,128,1),(663,'https://avatars2.githubusercontent.com/u/3794501?v=2&s=96',96,96,3),(663,'https://cloud.githubusercontent.com/assets/3794501/3878723/ced3f094-2171-11e4-90d9-ebcb6a272e1f.png',1600,900,-1),(663,'https://cloud.githubusercontent.com/assets/3794501/3878729/d7ff1a5e-2171-11e4-8451-e23d16a82388.png',1600,900,-1),(663,'https://cloud.githubusercontent.com/assets/3794501/3878734/e1dafc82-2171-11e4-8127-fb1b310a8fbb.png',1600,900,-1),(663,'https://cloud.githubusercontent.com/assets/3794501/3879111/95f040d0-2175-11e4-8609-19096bc74817.png',1600,900,-1),(663,'https://cloud.githubusercontent.com/assets/3794501/4006592/7582e0d6-29af-11e4-8df2-cd6ffb352572.png',612,418,-1),(663,'https://cloud.githubusercontent.com/assets/3794501/4006593/7e4f8fe8-29af-11e4-8bff-3a18b89074bc.png',612,418,-1),(663,'https://avatars1.githubusercontent.com/u/3794501?v=2&s=32',32,32,3),(663,'https://cloud.githubusercontent.com/assets/3794501/4023652/9888e6ac-2b9e-11e4-88fe-60d1dae507f1.png',612,418,-1),(663,'https://cloud.githubusercontent.com/assets/3794501/4023653/9b961c70-2b9e-11e4-9b28-2a4fe535bf27.png',612,418,-1),(663,'https://cloud.githubusercontent.com/assets/3794501/4026051/923a2c5c-2c0c-11e4-84cf-488579469cfa.png',612,418,-1),(688,'http://imgnews.naver.com/image/thumb120/410/2014/08/25/178115.jpg',120,84,4),(688,'http://imgnews.naver.com/image/thumb120/380/2014/08/25/588.jpg',120,85,4),(688,'http://imgnews.naver.com/image/thumb120/117/2014/08/25/2501458.jpg',120,79,-1),(688,'http://imgnews.naver.com/image/thumb120/208/2014/08/25/849.jpg',120,79,3),(688,'http://imgnews.naver.com/image/thumb120/076/2014/08/25/2573451.jpg',120,80,-1),(688,'http://imgnews.naver.com/image/thumb120/003/2014/08/25/6034088.jpg',120,85,-1),(688,'http://sports.phinf.naver.net//20140825_74/1408945903660bCA1d_JPEG/1.jpg',120,75,-1),(688,'http://imgnews.naver.com/image/thumb120/096/2014/08/25/327595.jpg',120,63,-1),(688,'http://imgnews.naver.com/image/thumb120/236/2014/08/25/108587.jpg',120,80,-1),(688,'http://sports.phinf.naver.net//20140825_204/14089460736103xdwq_JPEG/1.jpg',120,75,-1),(688,'http://sports.phinf.naver.net//20140825_299/14089415277938Xdmy_JPEG/1.jpg',120,75,-1),(688,'http://dthumb.phinf.naver.net/?src=http://imgnews.naver.net/image/sports/2012/soccer/main/headline/1329816843_file_image_0.png&twidth=90&theight=90&opts=8&qlt=95',90,90,-1),(688,'http://sports.phinf.naver.net//20140825_75/1408937000861EstVi_JPEG/1.jpg',120,75,-1),(688,'http://dthumb.phinf.naver.net/?src=http://imgnews.naver.net/image/sports/2012/soccer/main/headline/1329817275_file_thumbnail_0.jpg&twidth=90&theight=90&opts=8&qlt=95',90,90,-1),(688,'http://sports.phinf.naver.net//20140825_37/1408934713144mXbBJ_JPEG/1.jpg',120,75,-1),(688,'http://dthumb.phinf.naver.net/?src=http://imgnews.naver.net/image/sports/2012/soccer/main/headline/1329818101_file_thumbnail_0.jpg&twidth=90&theight=90&opts=8&qlt=95',90,90,-1),(688,'http://sports.phinf.naver.net//20140824_245/1408864621031Y0J6D_JPEG/11.jpg',120,75,-1),(688,'http://dthumb.phinf.naver.net/?src=http://sports.phinf.naver.net//20140303_266/13938140872495HGvF_JPEG/90x90.jpg&twidth=90&theight=90&opts=8&qlt=95',90,90,-1),(688,'http://dthumb.phinf.naver.net/?src=http://imgnews.naver.net/image/sports/2012/baseball/main/center_left/1337581657_file_image_1.jpg&twidth=90&theight=90&opts=8&qlt=95',90,90,-1),(688,'http://sports.phinf.naver.net//20140824_143/1408857077915bmLwo_JPEG/1.jpg',120,75,-1),(688,'http://sports.phinf.naver.net//20140823_78/1408800325175eBden_GIF/1.gif',120,75,-1),(688,'http://dthumb.phinf.naver.net/?src=http://sports.phinf.naver.net//20140115_110/1389767059051gFmtL_JPEG/90x90.jpg&twidth=90&theight=90&opts=8&qlt=95',90,90,-1),(688,'http://sports.phinf.naver.net//20140823_67/1408770396708i8gTG_JPEG/01.jpg',120,75,-1),(688,'http://dthumb.phinf.naver.net/?src=http://sports.phinf.naver.net//20140227_18/1393468884880YDWN8_JPEG/90x90.jpg&twidth=90&theight=90&opts=8&qlt=95',90,90,-1),(688,'http://sports.phinf.naver.net//20140822_236/1408696823110HFc4c_JPEG/1.jpg',120,75,-1),(688,'http://dthumb.phinf.naver.net/?src=http://sports.phinf.naver.net//20140113_64/1389590368413e3PdK_JPEG/90x90.jpg&twidth=90&theight=90&opts=8&qlt=95',90,90,-1),(688,'http://sports.phinf.naver.net//20140822_131/1408674876190jRGFb_JPEG/1.jpg',120,75,-1),(688,'http://dthumb.phinf.naver.net/?src=http://sports.phinf.naver.net//20130201_108/1359647992909cHUWb_JPEG/%C7%D1%C1%D8-90x90.jpg&twidth=90&theight=90&opts=8&qlt=95',90,90,-1),(688,'http://sports.phinf.naver.net//20140819_182/1408415696721cWe1U_JPEG/1.jpg',120,75,-1),(688,'http://dthumb.phinf.naver.net/?src=http://imgnews.naver.net/image/sports/2012/soccer/main/headline/1329817802_file_image_0.jpg&twidth=90&theight=90&opts=8&qlt=95',90,90,-1),(688,'http://sports.phinf.naver.net//20140818_188/1408338567401UjPoX_JPEG/1.jpg',120,75,-1),(688,'http://dthumb.phinf.naver.net/?src=http://sports.phinf.naver.net//20140328_189/1395992585493wjm61_JPEG/90x90.jpg&twidth=90&theight=90&opts=8&qlt=95',90,90,-1),(688,'http://dthumb.phinf.naver.net/?src=http://sports.phinf.naver.net//20140715_57/1405388651275K9uS0_JPEG/90x90.jpg&twidth=90&theight=90&opts=8&qlt=95',90,90,-1),(688,'http://sports.phinf.naver.net//20140818_111/1408336518136TfDLb_JPEG/1.jpg',120,75,-1),(688,'http://sports.phinf.naver.net//20140813_54/1407900720691cLXEj_JPEG/11.jpg',120,75,-1),(688,'http://dthumb.phinf.naver.net/?src=http://sports.phinf.naver.net//20130205_226/1360047179645krQu3_JPEG/%BC%D5%B4%EB%B9%FC_%BC%B6%B3%D7%C0%CF_90x90.jpg&twidth=90&theight=90&opts=8&qlt=95',90,90,-1),(688,'http://sports.phinf.naver.net//20140726_192/1406367909444flkgO_GIF/1.gif',120,75,-1),(688,'http://dthumb.phinf.naver.net/?src=http://sports.phinf.naver.net//20140530_67/1401444716961HkUy0_JPEG/90x90.jpg&twidth=90&theight=90&opts=8&qlt=95',90,90,-1),(688,'http://sports.phinf.naver.net//20140715_63/1405403649364CdzYT_JPEG/1.jpg',120,75,-1),(688,'http://sports.phinf.naver.net//20140725_59/14062438420103K9MH_JPEG/2.JPG',120,75,-1),(688,'http://dthumb.phinf.naver.net/?src=http://imgnews.naver.net/image/sports/2012/common/expert/js_m1.jpg&twidth=90&theight=90&opts=8&qlt=95',90,90,-1),(689,'http://dthumb.phinf.naver.net/?src=http://sports.phinf.naver.net//20140825_159/1408923746944dAyav_JPEG/20140825_1.jpg&twidth=149&theight=83&opts=8&qlt=95&noimage=sp3',149,83,-1),(689,'http://dthumb.phinf.naver.net/?src=http://sports.phinf.naver.net//20140825_222/1408919841561wXj6X_JPEG/20140825_2_HL.jpg&twidth=149&theight=83&opts=8&qlt=95&noimage=sp3',149,83,-1),(689,'http://dthumb.phinf.naver.net/?src=http://sports.phinf.naver.net//20140825_290/1408922542761d5TCm_JPEG/20140825_1_ISS13.jpg&twidth=149&theight=83&opts=8&qlt=95&noimage=sp3',149,83,-1),(689,'http://dthumb.phinf.naver.net/?src=http://sports.phinf.naver.net//20140825_70/1408922135123gLX8E_JPEG/20140825_1_ISS12.jpg&twidth=149&theight=83&opts=8&qlt=95&noimage=sp3',149,83,-1),(691,'http://dthumb.phinf.naver.net/?src=http://sports.phinf.naver.net//20140813_159/1407895892942hbSwN_JPEG/0825_%C3%D6%C1%A4%2C_2%B3%E2_%BF%AC%BC%D3_20-20_%B4%DE%BC%BA.jpg&twidth=149&theight=83&opts=8&qlt=95&noimage=sp3',149,83,-1),(691,'http://dthumb.phinf.naver.net/?src=http://sports.phinf.naver.net//20140818_188/1408287903230fN4Pm_JPEG/0824_%B9%DA%C0%E7%C8%AB%2C_%C5%EB%BB%EA_7%B9%F8%C2%B0_900%C5%B8%C1%A1.jpg&twidth=149&theight=83&opts=8&qlt=95&noimage=sp3',149,83,-1),(691,'http://dthumb.phinf.naver.net/?src=http://sports.phinf.naver.net//20140813_244/1407894989078JE8d1_JPEG/0823_%C0%B1%BC%AE%B9%CE%2C_%C3%B5%B1%DD%B0%B0%C0%BA_%B3%A1%B3%BB%B1%E2_%BC%D6%B7%CE_%C8%A8%B7%B1.jpg&twidth=149&theight=83&opts=8&qlt=95&noimage=sp3',149,83,-1),(691,'http://dthumb.phinf.naver.net/?src=http://sports.phinf.naver.net//20140813_37/1407893980132QD1uC_JPEG/0822_%C1%A4%B1%D9%BF%EC%2C_%BF%AC%C0%E5_%B3%A1%B3%BB%B1%E2_%BD%BA%C4%FB%C1%EE.jpg&twidth=149&theight=83&opts=8&qlt=95&noimage=sp3',149,83,-1),(693,'http://imgnews.naver.com/image/news/2004n/bu_arrow02.gif',7,4,3),(693,'http://imgnews.naver.com/image/news/2004n/bu_arrow03.gif',7,4,3),(693,'http://imgnews.naver.com/image/sports/2006/section/btit04.gif',57,15,2),(694,'http://dthumb.phinf.naver.net/?src=http://sports.phinf.naver.net//20140813_159/1407895892942hbSwN_JPEG/0825_%C3%D6%C1%A4%2C_2%B3%E2_%BF%AC%BC%D3_20-20_%B4%DE%BC%BA.jpg&twidth=149&theight=83&opts=8&qlt=95&noimage=sp3',149,83,-1),(694,'http://dthumb.phinf.naver.net/?src=http://sports.phinf.naver.net//20140818_188/1408287903230fN4Pm_JPEG/0824_%B9%DA%C0%E7%C8%AB%2C_%C5%EB%BB%EA_7%B9%F8%C2%B0_900%C5%B8%C1%A1.jpg&twidth=149&theight=83&opts=8&qlt=95&noimage=sp3',149,83,-1),(694,'http://dthumb.phinf.naver.net/?src=http://sports.phinf.naver.net//20140813_244/1407894989078JE8d1_JPEG/0823_%C0%B1%BC%AE%B9%CE%2C_%C3%B5%B1%DD%B0%B0%C0%BA_%B3%A1%B3%BB%B1%E2_%BC%D6%B7%CE_%C8%A8%B7%B1.jpg&twidth=149&theight=83&opts=8&qlt=95&noimage=sp3',149,83,-1),(694,'http://dthumb.phinf.naver.net/?src=http://sports.phinf.naver.net//20140813_37/1407893980132QD1uC_JPEG/0822_%C1%A4%B1%D9%BF%EC%2C_%BF%AC%C0%E5_%B3%A1%B3%BB%B1%E2_%BD%BA%C4%FB%C1%EE.jpg&twidth=149&theight=83&opts=8&qlt=95&noimage=sp3',149,83,-1),(695,'http://imgnews.naver.com/image/news/2004n/bu_arrow02.gif',7,4,3),(695,'http://imgnews.naver.com/image/news/2004n/bu_arrow03.gif',7,4,3),(695,'http://imgnews.naver.com/image/sports/2006/section/btit04.gif',57,15,2),(696,'http://dthumb.phinf.naver.net/?src=http://sports.phinf.naver.net//20140813_159/1407895892942hbSwN_JPEG/0825_%C3%D6%C1%A4%2C_2%B3%E2_%BF%AC%BC%D3_20-20_%B4%DE%BC%BA.jpg&twidth=149&theight=83&opts=8&qlt=95&noimage=sp3',149,83,-1),(696,'http://dthumb.phinf.naver.net/?src=http://sports.phinf.naver.net//20140818_188/1408287903230fN4Pm_JPEG/0824_%B9%DA%C0%E7%C8%AB%2C_%C5%EB%BB%EA_7%B9%F8%C2%B0_900%C5%B8%C1%A1.jpg&twidth=149&theight=83&opts=8&qlt=95&noimage=sp3',149,83,-1),(696,'http://dthumb.phinf.naver.net/?src=http://sports.phinf.naver.net//20140813_244/1407894989078JE8d1_JPEG/0823_%C0%B1%BC%AE%B9%CE%2C_%C3%B5%B1%DD%B0%B0%C0%BA_%B3%A1%B3%BB%B1%E2_%BC%D6%B7%CE_%C8%A8%B7%B1.jpg&twidth=149&theight=83&opts=8&qlt=95&noimage=sp3',149,83,-1),(696,'http://dthumb.phinf.naver.net/?src=http://sports.phinf.naver.net//20140813_37/1407893980132QD1uC_JPEG/0822_%C1%A4%B1%D9%BF%EC%2C_%BF%AC%C0%E5_%B3%A1%B3%BB%B1%E2_%BD%BA%C4%FB%C1%EE.jpg&twidth=149&theight=83&opts=8&qlt=95&noimage=sp3',149,83,-1),(708,'http://www.peoplegate.net//images/business-main.jpg',351,671,-1),(708,'http://www.peoplegate.net//images/business-main.jpg',351,671,-1),(708,'http://www.peoplegate.net//images/business-main.jpg',351,671,-1),(711,'http://www.peoplegate.net//images/press/hea.png',291,51,-1),(711,'http://www.peoplegate.net//images/press/hea.png',291,51,-1),(711,'http://www.peoplegate.net//images/press/hea.png',291,51,-1),(711,'http://www.peoplegate.net//images/press/hea.png',291,51,-1),(711,'http://www.peoplegate.net//images/press/hea.png',291,51,-1),(711,'http://www.peoplegate.net//images/press/hea.png',291,51,-1),(711,'http://www.peoplegate.net//images/press/hea.png',291,51,-1),(711,'http://www.peoplegate.net//images/press/hea.png',291,51,-1),(711,'http://www.peoplegate.net//images/press/hea.png',291,51,-1),(711,'http://www.peoplegate.net//images/press/hea.png',291,51,-1),(711,'http://www.peoplegate.net//images/press/hea.png',291,51,-1),(711,'http://www.peoplegate.net//images/press/hea.png',291,51,-1),(711,'http://www.peoplegate.net//images/press/hea.png',291,51,-1),(711,'http://www.peoplegate.net//images/press/hea.png',291,51,-1),(711,'http://www.peoplegate.net//images/press/hea.png',291,51,-1),(711,'http://www.peoplegate.net//images/press/hea.png',291,51,-1),(711,'http://www.peoplegate.net//images/press/hea.png',291,51,-1),(711,'http://www.peoplegate.net//images/press/22.JPG',219,50,-1),(711,'http://www.peoplegate.net//images/press/22.JPG',219,50,-1),(711,'http://www.peoplegate.net//images/press/22.JPG',219,50,-1),(711,'http://www.peoplegate.net//images/press/22.JPG',219,50,-1),(711,'http://www.peoplegate.net//images/press/22.JPG',219,50,-1),(711,'http://www.peoplegate.net//images/press/22.JPG',219,50,-1),(711,'http://www.peoplegate.net//images/press/22.JPG',219,50,-1),(711,'http://www.peoplegate.net//images/press/22.JPG',219,50,-1),(711,'http://www.peoplegate.net//images/press/22.JPG',219,50,-1),(711,'http://www.peoplegate.net//images/press/22.JPG',219,50,-1),(711,'http://www.peoplegate.net//images/press/22.JPG',219,50,-1),(711,'http://www.peoplegate.net//images/press/22.JPG',219,50,-1),(711,'http://www.peoplegate.net//images/press/22.JPG',219,50,-1),(711,'http://www.peoplegate.net//images/press/22.JPG',219,50,-1),(711,'http://www.peoplegate.net//images/press/22.JPG',219,50,-1),(711,'http://www.peoplegate.net//images/press/22.JPG',219,50,-1),(711,'http://www.peoplegate.net//images/press/22.JPG',219,50,-1),(711,'http://www.peoplegate.net//images/press/etoday.jpg',165,75,-1),(711,'http://www.peoplegate.net//images/press/etoday.jpg',165,75,-1),(711,'http://www.peoplegate.net//images/press/etoday.jpg',165,75,-1),(711,'http://www.peoplegate.net//images/press/etoday.jpg',165,75,-1),(711,'http://www.peoplegate.net//images/press/etoday.jpg',165,75,-1),(711,'http://www.peoplegate.net//images/press/etoday.jpg',165,75,-1),(711,'http://www.peoplegate.net//images/press/etoday.jpg',165,75,-1),(711,'http://www.peoplegate.net//images/press/etoday.jpg',165,75,-1),(711,'http://www.peoplegate.net//images/press/etoday.jpg',165,75,-1),(711,'http://www.peoplegate.net//images/press/etoday.jpg',165,75,-1),(711,'http://www.peoplegate.net//images/press/etoday.jpg',165,75,-1),(711,'http://www.peoplegate.net//images/press/etoday.jpg',165,75,-1),(711,'http://www.peoplegate.net//images/press/etoday.jpg',165,75,-1),(711,'http://www.peoplegate.net//images/press/etoday.jpg',165,75,-1),(711,'http://www.peoplegate.net//images/press/etoday.jpg',165,75,-1),(711,'http://www.peoplegate.net//images/press/etoday.jpg',165,75,-1),(711,'http://www.peoplegate.net//images/press/etoday.jpg',165,75,-1),(711,'http://www.peoplegate.net//images/press/hankook.JPG',629,216,-1),(711,'http://www.peoplegate.net//images/press/hankook.JPG',629,216,-1),(711,'http://www.peoplegate.net//images/press/hankook.JPG',629,216,-1),(711,'http://www.peoplegate.net//images/press/hankook.JPG',629,216,-1),(711,'http://www.peoplegate.net//images/press/hankook.JPG',629,216,-1),(711,'http://www.peoplegate.net//images/press/hankook.JPG',629,216,-1),(711,'http://www.peoplegate.net//images/press/hankook.JPG',629,216,-1),(711,'http://www.peoplegate.net//images/press/hankook.JPG',629,216,-1),(711,'http://www.peoplegate.net//images/press/hankook.JPG',629,216,-1),(711,'http://www.peoplegate.net//images/press/hankook.JPG',629,216,-1),(711,'http://www.peoplegate.net//images/press/hankook.JPG',629,216,-1),(711,'http://www.peoplegate.net//images/press/hankook.JPG',629,216,-1),(711,'http://www.peoplegate.net//images/press/hankook.JPG',629,216,-1),(711,'http://www.peoplegate.net//images/press/hankook.JPG',629,216,-1),(711,'http://www.peoplegate.net//images/press/hankook.JPG',629,216,-1),(711,'http://www.peoplegate.net//images/press/hankook.JPG',629,216,2),(711,'http://www.peoplegate.net//images/press/hankook.JPG',629,216,2),(711,'http://www.peoplegate.net//images/press/hankook.JPG',629,216,2),(711,'http://www.peoplegate.net//images/press/hankook.JPG',629,216,2),(711,'http://www.peoplegate.net//images/press/hankook.JPG',629,216,2),(711,'http://www.peoplegate.net//images/press/hankook.JPG',629,216,2),(711,'http://www.peoplegate.net//images/press/hankook.JPG',629,216,2),(711,'http://www.peoplegate.net//images/press/hankook.JPG',629,216,2),(711,'http://www.peoplegate.net//images/press/hankook.JPG',629,216,2),(711,'http://www.peoplegate.net//images/press/hankook.JPG',629,216,2),(711,'http://www.peoplegate.net//images/press/hankook.JPG',629,216,2),(711,'http://www.peoplegate.net//images/press/hankook.JPG',629,216,2),(711,'http://www.peoplegate.net//images/press/hankook.JPG',629,216,2),(711,'http://www.peoplegate.net//images/press/hankook.JPG',629,216,2),(711,'http://www.peoplegate.net//images/press/hankook.JPG',629,216,2),(711,'http://www.peoplegate.net//images/press/hankook.JPG',629,216,2),(711,'http://www.peoplegate.net//images/press/hankook.JPG',629,216,2),(711,'http://www.peoplegate.net//images/press/hankook.JPG',629,216,2),(711,'http://www.peoplegate.net//images/press/hankook.JPG',629,216,2),(711,'http://www.peoplegate.net//images/press/VS_LOGO.png',214,80,2),(711,'http://www.peoplegate.net//images/press/VS_LOGO.png',214,80,2),(711,'http://www.peoplegate.net//images/press/VS_LOGO.png',214,80,2),(711,'http://www.peoplegate.net//images/press/VS_LOGO.png',214,80,2),(711,'http://www.peoplegate.net//images/press/VS_LOGO.png',214,80,2),(711,'http://www.peoplegate.net//images/press/VS_LOGO.png',214,80,2),(711,'http://www.peoplegate.net//images/press/VS_LOGO.png',214,80,2),(711,'http://www.peoplegate.net//images/press/VS_LOGO.png',214,80,2),(711,'http://www.peoplegate.net//images/press/VS_LOGO.png',214,80,2),(711,'http://www.peoplegate.net//images/press/VS_LOGO.png',214,80,2),(711,'http://www.peoplegate.net//images/press/VS_LOGO.png',214,80,2),(711,'http://www.peoplegate.net//images/press/VS_LOGO.png',214,80,2),(711,'http://www.peoplegate.net//images/press/VS_LOGO.png',214,80,2),(711,'http://www.peoplegate.net//images/press/VS_LOGO.png',214,80,2),(711,'http://www.peoplegate.net//images/press/VS_LOGO.png',214,80,2),(711,'http://www.peoplegate.net//images/press/VS_LOGO.png',214,80,2),(711,'http://www.peoplegate.net//images/press/VS_LOGO.png',214,80,2),(711,'http://www.peoplegate.net//images/press/chosun.JPG',544,200,2),(711,'http://www.peoplegate.net//images/press/chosun.JPG',544,200,2),(711,'http://www.peoplegate.net//images/press/chosun.JPG',544,200,2),(711,'http://www.peoplegate.net//images/press/chosun.JPG',544,200,2),(711,'http://www.peoplegate.net//images/press/chosun.JPG',544,200,2),(711,'http://www.peoplegate.net//images/press/chosun.JPG',544,200,2),(711,'http://www.peoplegate.net//images/press/chosun.JPG',544,200,2),(711,'http://www.peoplegate.net//images/press/chosun.JPG',544,200,2),(711,'http://www.peoplegate.net//images/press/chosun.JPG',544,200,2),(711,'http://www.peoplegate.net//images/press/chosun.JPG',544,200,2),(711,'http://www.peoplegate.net//images/press/chosun.JPG',544,200,2),(711,'http://www.peoplegate.net//images/press/chosun.JPG',544,200,2),(711,'http://www.peoplegate.net//images/press/chosun.JPG',544,200,2),(711,'http://www.peoplegate.net//images/press/chosun.JPG',544,200,2),(711,'http://www.peoplegate.net//images/press/chosun.JPG',544,200,2),(711,'http://www.peoplegate.net//images/press/chosun.JPG',544,200,2),(711,'http://www.peoplegate.net//images/press/chosun.JPG',544,200,2),(711,'http://www.peoplegate.net//images/press/junja.JPG',456,169,2),(711,'http://www.peoplegate.net//images/press/junja.JPG',456,169,2),(711,'http://www.peoplegate.net//images/press/junja.JPG',456,169,2),(711,'http://www.peoplegate.net//images/press/junja.JPG',456,169,2),(711,'http://www.peoplegate.net//images/press/junja.JPG',456,169,2),(711,'http://www.peoplegate.net//images/press/junja.JPG',456,169,2),(711,'http://www.peoplegate.net//images/press/junja.JPG',456,169,2),(711,'http://www.peoplegate.net//images/press/junja.JPG',456,169,2),(711,'http://www.peoplegate.net//images/press/junja.JPG',456,169,2),(711,'http://www.peoplegate.net//images/press/junja.JPG',456,169,2),(711,'http://www.peoplegate.net//images/press/junja.JPG',456,169,2),(711,'http://www.peoplegate.net//images/press/junja.JPG',456,169,2),(711,'http://www.peoplegate.net//images/press/junja.JPG',456,169,2),(711,'http://www.peoplegate.net//images/press/junja.JPG',456,169,2),(711,'http://www.peoplegate.net//images/press/junja.JPG',456,169,2),(711,'http://www.peoplegate.net//images/press/junja.JPG',456,169,2),(711,'http://www.peoplegate.net//images/press/junja.JPG',456,169,2),(714,'http://www.peoplegate.net//images/partner/naver.jpg',177,70,2),(714,'http://www.peoplegate.net//images/partner/happybean.jpg',132,55,2),(714,'http://www.peoplegate.net//images/partner/pledis.png',177,70,2),(714,'http://www.peoplegate.net//images/partner/aladin.jpg',175,72,2),(714,'http://www.peoplegate.net//images/partner/green.jpg',177,70,2),(714,'http://www.peoplegate.net//images/company-main.jpg',240,170,3),(714,'http://www.peoplegate.net//images/partner/kt.png',177,70,2),(714,'http://www.peoplegate.net//images/partner/day.png',176,72,2),(714,'http://www.peoplegate.net//images/partner/duo.jpg',401,164,2),(714,'http://www.peoplegate.net//images/partner/nocutnews.jpg',176,72,2),(714,'http://www.peoplegate.net//images/partner/world2.jpg',160,63,2),(714,'http://www.peoplegate.net//images/partner/glossybox.jpg',177,70,2),(714,'http://www.peoplegate.net//images/partner/fashory.jpg',765,315,2),(714,'http://www.peoplegate.net//images/company-logo.jpg',609,172,5),(715,'http://imgnews.naver.com/image/news/2004n/bu_arrow02.gif',7,4,3),(715,'http://imgnews.naver.com/image/news/2004n/bu_arrow03.gif',7,4,3),(715,'http://imgnews.naver.com/image/sports/2006/section/btit04.gif',57,15,2),(737,'https://assets-cdn.github.com/images/spinners/octocat-spinner-128.gif',128,128,1),(737,'https://avatars1.githubusercontent.com/u/3794501?v=2&s=32',32,32,3),(737,'https://avatars1.githubusercontent.com/u/3874599?v=2&s=32',420,420,2),(738,'https://assets-cdn.github.com/images/spinners/octocat-spinner-128.gif',128,128,-1),(738,'https://avatars1.githubusercontent.com/u/3794501?v=2&s=32',32,32,3),(738,'https://avatars1.githubusercontent.com/u/3874599?v=2&s=32',420,420,-1),(739,'https://assets-cdn.github.com/images/spinners/octocat-spinner-128.gif',128,128,-1),(739,'https://avatars2.githubusercontent.com/u/3794501?v=2&s=96',96,96,-1),(739,'https://avatars2.githubusercontent.com/u/3874599?v=2&s=96',420,420,-1),(739,'https://cloud.githubusercontent.com/assets/3874599/4001601/e150cef4-2964-11e4-92d7-333faafb262e.png',848,728,-1),(739,'https://avatars1.githubusercontent.com/u/3794501?v=2&s=32',32,32,3),(740,'https://assets-cdn.github.com/images/spinners/octocat-spinner-128.gif',128,128,-1),(740,'https://avatars2.githubusercontent.com/u/3794501?v=2&s=96',96,96,3),(740,'https://avatars2.githubusercontent.com/u/3874599?v=2&s=96',420,420,-1),(740,'https://cloud.githubusercontent.com/assets/3874599/4001601/e150cef4-2964-11e4-92d7-333faafb262e.png',848,728,-1),(740,'https://avatars1.githubusercontent.com/u/3794501?v=2&s=32',32,32,3),(741,'https://avatars2.githubusercontent.com/u/3794501?v=2&s=40',40,40,3),(741,'https://assets-cdn.github.com/images/spinners/octocat-spinner-32.gif',32,32,3),(742,'https://assets-cdn.github.com/images/spinners/octocat-spinner-128.gif',128,128,-1),(742,'https://avatars1.githubusercontent.com/u/3794501?v=2&s=32',32,32,3),(742,'https://avatars1.githubusercontent.com/u/3874599?v=2&s=32',420,420,-1),(743,'https://assets-cdn.github.com/images/spinners/octocat-spinner-128.gif',128,128,-1),(743,'https://avatars1.githubusercontent.com/u/3794501?v=2&s=32',32,32,3),(743,'https://avatars1.githubusercontent.com/u/3874599?v=2&s=32',420,420,-1),(744,'https://assets-cdn.github.com/images/spinners/octocat-spinner-128.gif',128,128,-1),(744,'https://avatars1.githubusercontent.com/u/3794501?v=2&s=32',32,32,3),(744,'https://avatars1.githubusercontent.com/u/3874599?v=2&s=32',420,420,-1),(745,'https://assets-cdn.github.com/images/spinners/octocat-spinner-128.gif',128,128,-1),(745,'https://avatars2.githubusercontent.com/u/3794501?v=2&s=96',96,96,-1),(745,'https://cloud.githubusercontent.com/assets/3794501/4023648/70bd37ea-2b9e-11e4-9bf5-5cd3677da0a3.png',612,418,-1),(745,'https://cloud.githubusercontent.com/assets/3794501/4023822/6a45ea56-2ba8-11e4-9047-1bd1b921e99f.png',612,418,-1),(745,'https://cloud.githubusercontent.com/assets/3794501/4025667/36c66d5c-2bff-11e4-8d29-aa67daa0c3fb.png',612,418,-1),(745,'https://cloud.githubusercontent.com/assets/3794501/4025669/3b569dba-2bff-11e4-945b-9ed5f0ddbdff.png',612,418,-1),(746,'https://assets-cdn.github.com/images/spinners/octocat-spinner-128.gif',128,128,-1),(746,'https://avatars2.githubusercontent.com/u/3794501?v=2&s=96',96,96,3),(746,'https://cloud.githubusercontent.com/assets/3794501/4023648/70bd37ea-2b9e-11e4-9bf5-5cd3677da0a3.png',612,418,-1),(746,'https://cloud.githubusercontent.com/assets/3794501/4023822/6a45ea56-2ba8-11e4-9047-1bd1b921e99f.png',612,418,-1),(746,'https://cloud.githubusercontent.com/assets/3794501/4025667/36c66d5c-2bff-11e4-8d29-aa67daa0c3fb.png',612,418,-1),(746,'https://cloud.githubusercontent.com/assets/3794501/4025669/3b569dba-2bff-11e4-945b-9ed5f0ddbdff.png',612,418,-1),(747,'https://avatars2.githubusercontent.com/u/3794501?v=2&s=40',40,40,3),(747,'https://assets-cdn.github.com/images/spinners/octocat-spinner-32.gif',32,32,3),(748,'https://assets-cdn.github.com/images/spinners/octocat-spinner-128.gif',128,128,-1),(748,'https://avatars1.githubusercontent.com/u/3794501?v=2&s=32',32,32,3),(748,'https://avatars1.githubusercontent.com/u/3874599?v=2&s=32',420,420,-1),(749,'https://assets-cdn.github.com/images/spinners/octocat-spinner-128.gif',128,128,-1),(749,'https://avatars1.githubusercontent.com/u/3794501?v=2&s=32',32,32,3),(749,'https://avatars1.githubusercontent.com/u/3874599?v=2&s=32',420,420,-1),(750,'https://assets-cdn.github.com/images/spinners/octocat-spinner-128.gif',128,128,-1),(750,'https://avatars1.githubusercontent.com/u/3794501?v=2&s=32',32,32,3),(750,'https://avatars1.githubusercontent.com/u/3874599?v=2&s=32',420,420,-1),(751,'https://assets-cdn.github.com/images/spinners/octocat-spinner-128.gif',128,128,-1),(751,'https://avatars2.githubusercontent.com/u/3794501?v=2&s=96',96,96,-1),(752,'https://assets-cdn.github.com/images/spinners/octocat-spinner-128.gif',128,128,-1),(752,'https://avatars1.githubusercontent.com/u/3874599?v=2&s=32',420,420,-1),(752,'https://avatars1.githubusercontent.com/u/3794501?v=2&s=32',32,32,3),(753,'https://assets-cdn.github.com/images/spinners/octocat-spinner-128.gif',128,128,-1),(753,'https://avatars1.githubusercontent.com/u/3874599?v=2&s=32',420,420,-1),(753,'https://avatars1.githubusercontent.com/u/3794501?v=2&s=32',32,32,3),(754,'https://assets-cdn.github.com/images/spinners/octocat-spinner-128.gif',128,128,-1),(754,'https://avatars1.githubusercontent.com/u/3874599?v=2&s=32',420,420,-1),(754,'https://avatars1.githubusercontent.com/u/3794501?v=2&s=32',32,32,3),(755,'https://assets-cdn.github.com/images/spinners/octocat-spinner-128.gif',128,128,-1),(755,'https://avatars2.githubusercontent.com/u/3794501?v=2&s=96',96,96,3),(757,'https://assets-cdn.github.com/images/spinners/octocat-spinner-128.gif',128,128,1),(757,'https://avatars2.githubusercontent.com/u/3794501?v=2&s=96',96,96,3),(758,'https://assets-cdn.github.com/images/spinners/octocat-spinner-128.gif',128,128,1),(759,'https://assets-cdn.github.com/images/spinners/octocat-spinner-128.gif',128,128,1),(759,'https://avatars2.githubusercontent.com/u/3794501?v=2&s=96',96,96,3),(760,'https://assets-cdn.github.com/images/spinners/octocat-spinner-128.gif',128,128,1),(760,'https://avatars2.githubusercontent.com/u/3794501?v=2&s=96',96,96,3),(761,'https://assets-cdn.github.com/images/spinners/octocat-spinner-128.gif',128,128,1),(761,'https://avatars2.githubusercontent.com/u/3794501?v=2&s=96',96,96,3),(762,'https://avatars2.githubusercontent.com/u/3794501?v=2&s=40',40,40,3),(762,'https://assets-cdn.github.com/images/spinners/octocat-spinner-32.gif',32,32,3),(763,'https://assets-cdn.github.com/images/spinners/octocat-spinner-128.gif',128,128,1),(763,'https://avatars1.githubusercontent.com/u/3794501?v=2&s=32',32,32,3),(763,'https://avatars1.githubusercontent.com/u/3874599?v=2&s=32',420,420,2),(764,'https://assets-cdn.github.com/images/spinners/octocat-spinner-128.gif',128,128,1),(764,'https://avatars1.githubusercontent.com/u/3794501?v=2&s=32',32,32,3),(764,'https://avatars1.githubusercontent.com/u/3874599?v=2&s=32',420,420,2),(765,'https://assets-cdn.github.com/images/spinners/octocat-spinner-128.gif',128,128,1),(765,'https://avatars1.githubusercontent.com/u/3794501?v=2&s=32',32,32,3),(765,'https://avatars1.githubusercontent.com/u/3874599?v=2&s=32',420,420,2),(766,'https://assets-cdn.github.com/images/spinners/octocat-spinner-128.gif',128,128,1),(767,'https://assets-cdn.github.com/images/spinners/octocat-spinner-128.gif',128,128,1),(767,'https://avatars2.githubusercontent.com/u/3794501?v=2&s=96',96,96,3),(768,'https://assets-cdn.github.com/images/spinners/octocat-spinner-128.gif',128,128,1),(768,'https://avatars1.githubusercontent.com/u/3874599?v=2&s=32',420,420,2),(768,'https://avatars1.githubusercontent.com/u/3794501?v=2&s=32',32,32,3),(769,'https://assets-cdn.github.com/images/spinners/octocat-spinner-128.gif',128,128,1),(769,'https://avatars1.githubusercontent.com/u/3874599?v=2&s=32',420,420,2),(769,'https://avatars1.githubusercontent.com/u/3794501?v=2&s=32',32,32,3),(770,'https://assets-cdn.github.com/images/spinners/octocat-spinner-128.gif',128,128,1),(770,'https://avatars1.githubusercontent.com/u/3874599?v=2&s=32',420,420,2),(770,'https://avatars1.githubusercontent.com/u/3794501?v=2&s=32',32,32,3),(771,'https://assets-cdn.github.com/images/spinners/octocat-spinner-128.gif',128,128,1),(772,'https://assets-cdn.github.com/images/spinners/octocat-spinner-128.gif',128,128,1),(772,'https://avatars2.githubusercontent.com/u/3794501?v=2&s=96',96,96,3),(773,'https://assets-cdn.github.com/images/spinners/octocat-spinner-128.gif',128,128,1),(773,'https://avatars1.githubusercontent.com/u/3874599?v=2&s=32',420,420,2),(773,'https://avatars1.githubusercontent.com/u/3794501?v=2&s=32',32,32,3),(774,'https://assets-cdn.github.com/images/spinners/octocat-spinner-128.gif',128,128,1),(774,'https://avatars1.githubusercontent.com/u/3874599?v=2&s=32',420,420,2),(774,'https://avatars1.githubusercontent.com/u/3794501?v=2&s=32',32,32,3),(775,'https://assets-cdn.github.com/images/spinners/octocat-spinner-128.gif',128,128,1),(775,'https://avatars1.githubusercontent.com/u/3874599?v=2&s=32',420,420,2),(775,'https://avatars1.githubusercontent.com/u/3794501?v=2&s=32',32,32,3),(776,'https://assets-cdn.github.com/images/spinners/octocat-spinner-128.gif',128,128,1),(776,'https://avatars2.githubusercontent.com/u/3794501?v=2&s=96',96,96,3),(777,'https://assets-cdn.github.com/images/spinners/octocat-spinner-128.gif',128,128,1),(777,'https://avatars1.githubusercontent.com/u/3874599?v=2&s=32',420,420,2),(777,'https://avatars1.githubusercontent.com/u/3794501?v=2&s=32',32,32,3),(778,'https://assets-cdn.github.com/images/spinners/octocat-spinner-128.gif',128,128,1),(778,'https://avatars1.githubusercontent.com/u/3874599?v=2&s=32',420,420,2),(778,'https://avatars1.githubusercontent.com/u/3794501?v=2&s=32',32,32,3),(779,'https://assets-cdn.github.com/images/spinners/octocat-spinner-128.gif',128,128,1),(779,'https://avatars1.githubusercontent.com/u/3874599?v=2&s=32',420,420,2),(779,'https://avatars1.githubusercontent.com/u/3794501?v=2&s=32',32,32,3),(780,'https://assets-cdn.github.com/images/spinners/octocat-spinner-128.gif',128,128,1),(780,'https://avatars2.githubusercontent.com/u/3794501?v=2&s=96',96,96,3),(781,'https://assets-cdn.github.com/images/spinners/octocat-spinner-128.gif',128,128,1),(781,'https://avatars1.githubusercontent.com/u/3874599?v=2&s=32',420,420,2),(781,'https://avatars1.githubusercontent.com/u/3794501?v=2&s=32',32,32,3),(782,'https://assets-cdn.github.com/images/spinners/octocat-spinner-128.gif',128,128,1),(782,'https://avatars1.githubusercontent.com/u/3874599?v=2&s=32',420,420,2),(782,'https://avatars1.githubusercontent.com/u/3794501?v=2&s=32',32,32,3),(783,'https://assets-cdn.github.com/images/spinners/octocat-spinner-128.gif',128,128,1),(783,'https://avatars1.githubusercontent.com/u/3874599?v=2&s=32',420,420,2),(783,'https://avatars1.githubusercontent.com/u/3794501?v=2&s=32',32,32,3),(784,'https://assets-cdn.github.com/images/spinners/octocat-spinner-128.gif',128,128,1),(785,'https://assets-cdn.github.com/images/spinners/octocat-spinner-128.gif',128,128,1),(785,'https://avatars2.githubusercontent.com/u/3794501?v=2&s=96',96,96,3),(786,'https://assets-cdn.github.com/images/spinners/octocat-spinner-128.gif',128,128,1),(786,'https://avatars1.githubusercontent.com/u/3874599?v=2&s=32',420,420,2),(786,'https://avatars1.githubusercontent.com/u/3794501?v=2&s=32',32,32,3),(787,'https://assets-cdn.github.com/images/spinners/octocat-spinner-128.gif',128,128,1),(787,'https://avatars1.githubusercontent.com/u/3874599?v=2&s=32',420,420,2),(787,'https://avatars1.githubusercontent.com/u/3794501?v=2&s=32',32,32,3),(788,'https://assets-cdn.github.com/images/spinners/octocat-spinner-128.gif',128,128,1),(788,'https://avatars1.githubusercontent.com/u/3874599?v=2&s=32',420,420,2),(788,'https://avatars1.githubusercontent.com/u/3794501?v=2&s=32',32,32,3),(789,'https://assets-cdn.github.com/images/spinners/octocat-spinner-128.gif',128,128,1),(789,'https://avatars2.githubusercontent.com/u/3794501?v=2&s=96',96,96,3),(793,'http://www.peoplegate.net//images/business-main.jpg',351,671,2),(793,'http://www.peoplegate.net//images/business-main.jpg',351,671,2),(793,'http://www.peoplegate.net//images/business-main.jpg',351,671,2),(794,'http://www.peoplegate.net//images/press/etoday.jpg',165,75,2),(794,'http://www.peoplegate.net//images/press/hankook.JPG',629,216,2),(794,'http://www.peoplegate.net//images/press/junja.JPG',456,169,2),(794,'http://www.peoplegate.net//images/press/22.JPG',219,50,2),(794,'http://www.peoplegate.net//images/press/VS_LOGO.png',214,80,2),(794,'http://www.peoplegate.net//images/press/hea.png',291,51,2),(794,'http://www.peoplegate.net//images/press/chosun.JPG',544,200,2),(794,'http://www.peoplegate.net//images/press/hankook.JPG',629,216,2),(794,'http://www.peoplegate.net//images/press/etoday.jpg',165,75,2),(794,'http://www.peoplegate.net//images/press/hankook.JPG',629,216,2),(794,'http://www.peoplegate.net//images/press/junja.JPG',456,169,2),(794,'http://www.peoplegate.net//images/press/22.JPG',219,50,2),(794,'http://www.peoplegate.net//images/press/VS_LOGO.png',214,80,2),(794,'http://www.peoplegate.net//images/press/hea.png',291,51,2),(794,'http://www.peoplegate.net//images/press/chosun.JPG',544,200,2),(794,'http://www.peoplegate.net//images/press/hankook.JPG',629,216,2),(794,'http://www.peoplegate.net//images/press/etoday.jpg',165,75,2),(794,'http://www.peoplegate.net//images/press/hankook.JPG',629,216,2),(794,'http://www.peoplegate.net//images/press/junja.JPG',456,169,2),(794,'http://www.peoplegate.net//images/press/22.JPG',219,50,2),(794,'http://www.peoplegate.net//images/press/VS_LOGO.png',214,80,2),(794,'http://www.peoplegate.net//images/press/hea.png',291,51,2),(794,'http://www.peoplegate.net//images/press/chosun.JPG',544,200,2),(794,'http://www.peoplegate.net//images/press/hankook.JPG',629,216,2),(794,'http://www.peoplegate.net//images/press/etoday.jpg',165,75,2),(794,'http://www.peoplegate.net//images/press/hankook.JPG',629,216,2),(794,'http://www.peoplegate.net//images/press/junja.JPG',456,169,2),(794,'http://www.peoplegate.net//images/press/22.JPG',219,50,2),(794,'http://www.peoplegate.net//images/press/VS_LOGO.png',214,80,2),(794,'http://www.peoplegate.net//images/press/hea.png',291,51,2),(794,'http://www.peoplegate.net//images/press/chosun.JPG',544,200,2),(794,'http://www.peoplegate.net//images/press/hankook.JPG',629,216,2),(794,'http://www.peoplegate.net//images/press/etoday.jpg',165,75,2),(794,'http://www.peoplegate.net//images/press/hankook.JPG',629,216,2),(794,'http://www.peoplegate.net//images/press/junja.JPG',456,169,2),(794,'http://www.peoplegate.net//images/press/22.JPG',219,50,2),(794,'http://www.peoplegate.net//images/press/VS_LOGO.png',214,80,2),(794,'http://www.peoplegate.net//images/press/hea.png',291,51,2),(794,'http://www.peoplegate.net//images/press/chosun.JPG',544,200,2),(794,'http://www.peoplegate.net//images/press/hankook.JPG',629,216,2),(794,'http://www.peoplegate.net//images/press/etoday.jpg',165,75,2),(794,'http://www.peoplegate.net//images/press/hankook.JPG',629,216,2),(794,'http://www.peoplegate.net//images/press/junja.JPG',456,169,2),(794,'http://www.peoplegate.net//images/press/22.JPG',219,50,2),(794,'http://www.peoplegate.net//images/press/VS_LOGO.png',214,80,2),(794,'http://www.peoplegate.net//images/press/hea.png',291,51,2),(794,'http://www.peoplegate.net//images/press/chosun.JPG',544,200,2),(794,'http://www.peoplegate.net//images/press/hankook.JPG',629,216,2),(794,'http://www.peoplegate.net//images/press/etoday.jpg',165,75,2),(794,'http://www.peoplegate.net//images/press/hankook.JPG',629,216,2),(794,'http://www.peoplegate.net//images/press/junja.JPG',456,169,2),(794,'http://www.peoplegate.net//images/press/22.JPG',219,50,2),(794,'http://www.peoplegate.net//images/press/VS_LOGO.png',214,80,2),(794,'http://www.peoplegate.net//images/press/hea.png',291,51,2),(794,'http://www.peoplegate.net//images/press/chosun.JPG',544,200,2),(794,'http://www.peoplegate.net//images/press/hankook.JPG',629,216,2),(794,'http://www.peoplegate.net//images/press/etoday.jpg',165,75,2),(794,'http://www.peoplegate.net//images/press/hankook.JPG',629,216,2),(794,'http://www.peoplegate.net//images/press/junja.JPG',456,169,2),(794,'http://www.peoplegate.net//images/press/22.JPG',219,50,2),(794,'http://www.peoplegate.net//images/press/VS_LOGO.png',214,80,2),(794,'http://www.peoplegate.net//images/press/hea.png',291,51,2),(794,'http://www.peoplegate.net//images/press/chosun.JPG',544,200,2),(794,'http://www.peoplegate.net//images/press/hankook.JPG',629,216,2),(794,'http://www.peoplegate.net//images/press/etoday.jpg',165,75,2),(794,'http://www.peoplegate.net//images/press/hankook.JPG',629,216,2),(794,'http://www.peoplegate.net//images/press/junja.JPG',456,169,2),(794,'http://www.peoplegate.net//images/press/22.JPG',219,50,2),(794,'http://www.peoplegate.net//images/press/VS_LOGO.png',214,80,2),(794,'http://www.peoplegate.net//images/press/hea.png',291,51,2),(794,'http://www.peoplegate.net//images/press/chosun.JPG',544,200,2),(794,'http://www.peoplegate.net//images/press/hankook.JPG',629,216,2),(794,'http://www.peoplegate.net//images/press/etoday.jpg',165,75,2),(794,'http://www.peoplegate.net//images/press/hankook.JPG',629,216,2),(794,'http://www.peoplegate.net//images/press/junja.JPG',456,169,2),(794,'http://www.peoplegate.net//images/press/22.JPG',219,50,2),(794,'http://www.peoplegate.net//images/press/VS_LOGO.png',214,80,2),(794,'http://www.peoplegate.net//images/press/hea.png',291,51,2),(794,'http://www.peoplegate.net//images/press/chosun.JPG',544,200,2),(794,'http://www.peoplegate.net//images/press/hankook.JPG',629,216,2),(794,'http://www.peoplegate.net//images/press/etoday.jpg',165,75,2),(794,'http://www.peoplegate.net//images/press/hankook.JPG',629,216,2),(794,'http://www.peoplegate.net//images/press/junja.JPG',456,169,2),(794,'http://www.peoplegate.net//images/press/22.JPG',219,50,2),(794,'http://www.peoplegate.net//images/press/VS_LOGO.png',214,80,2),(794,'http://www.peoplegate.net//images/press/hea.png',291,51,2),(794,'http://www.peoplegate.net//images/press/chosun.JPG',544,200,2),(794,'http://www.peoplegate.net//images/press/hankook.JPG',629,216,2),(794,'http://www.peoplegate.net//images/press/etoday.jpg',165,75,2),(794,'http://www.peoplegate.net//images/press/hankook.JPG',629,216,2),(794,'http://www.peoplegate.net//images/press/junja.JPG',456,169,2),(794,'http://www.peoplegate.net//images/press/22.JPG',219,50,2),(794,'http://www.peoplegate.net//images/press/VS_LOGO.png',214,80,2),(794,'http://www.peoplegate.net//images/press/hea.png',291,51,2),(794,'http://www.peoplegate.net//images/press/chosun.JPG',544,200,2),(794,'http://www.peoplegate.net//images/press/hankook.JPG',629,216,2),(794,'http://www.peoplegate.net//images/press/etoday.jpg',165,75,2),(794,'http://www.peoplegate.net//images/press/hankook.JPG',629,216,2),(794,'http://www.peoplegate.net//images/press/junja.JPG',456,169,2),(794,'http://www.peoplegate.net//images/press/22.JPG',219,50,2),(794,'http://www.peoplegate.net//images/press/VS_LOGO.png',214,80,2),(794,'http://www.peoplegate.net//images/press/hea.png',291,51,2),(794,'http://www.peoplegate.net//images/press/chosun.JPG',544,200,2),(794,'http://www.peoplegate.net//images/press/hankook.JPG',629,216,2),(794,'http://www.peoplegate.net//images/press/etoday.jpg',165,75,2),(794,'http://www.peoplegate.net//images/press/hankook.JPG',629,216,2),(794,'http://www.peoplegate.net//images/press/junja.JPG',456,169,2),(794,'http://www.peoplegate.net//images/press/22.JPG',219,50,2),(794,'http://www.peoplegate.net//images/press/VS_LOGO.png',214,80,2),(794,'http://www.peoplegate.net//images/press/hea.png',291,51,2),(794,'http://www.peoplegate.net//images/press/chosun.JPG',544,200,2),(794,'http://www.peoplegate.net//images/press/hankook.JPG',629,216,2),(794,'http://www.peoplegate.net//images/press/etoday.jpg',165,75,2),(794,'http://www.peoplegate.net//images/press/hankook.JPG',629,216,2),(794,'http://www.peoplegate.net//images/press/junja.JPG',456,169,2),(794,'http://www.peoplegate.net//images/press/22.JPG',219,50,2),(794,'http://www.peoplegate.net//images/press/VS_LOGO.png',214,80,2),(794,'http://www.peoplegate.net//images/press/hea.png',291,51,2),(794,'http://www.peoplegate.net//images/press/chosun.JPG',544,200,2),(794,'http://www.peoplegate.net//images/press/hankook.JPG',629,216,2),(794,'http://www.peoplegate.net//images/press/etoday.jpg',165,75,2),(794,'http://www.peoplegate.net//images/press/hankook.JPG',629,216,2),(794,'http://www.peoplegate.net//images/press/junja.JPG',456,169,2),(794,'http://www.peoplegate.net//images/press/22.JPG',219,50,2),(794,'http://www.peoplegate.net//images/press/VS_LOGO.png',214,80,2),(794,'http://www.peoplegate.net//images/press/hea.png',291,51,2),(794,'http://www.peoplegate.net//images/press/chosun.JPG',544,200,2),(794,'http://www.peoplegate.net//images/press/hankook.JPG',629,216,2),(794,'http://www.peoplegate.net//images/press/etoday.jpg',165,75,2),(794,'http://www.peoplegate.net//images/press/hankook.JPG',629,216,2),(794,'http://www.peoplegate.net//images/press/junja.JPG',456,169,2),(794,'http://www.peoplegate.net//images/press/22.JPG',219,50,2),(794,'http://www.peoplegate.net//images/press/VS_LOGO.png',214,80,2),(794,'http://www.peoplegate.net//images/press/hea.png',291,51,2),(794,'http://www.peoplegate.net//images/press/chosun.JPG',544,200,2),(794,'http://www.peoplegate.net//images/press/hankook.JPG',629,216,2),(796,'http://www.peoplegate.net//images/press/etoday.jpg',165,75,2),(796,'http://www.peoplegate.net//images/press/hankook.JPG',629,216,2),(796,'http://www.peoplegate.net//images/press/junja.JPG',456,169,2),(796,'http://www.peoplegate.net//images/press/22.JPG',219,50,2),(796,'http://www.peoplegate.net//images/press/VS_LOGO.png',214,80,2),(796,'http://www.peoplegate.net//images/press/hea.png',291,51,2),(796,'http://www.peoplegate.net//images/press/chosun.JPG',544,200,2),(796,'http://www.peoplegate.net//images/press/hankook.JPG',629,216,2),(796,'http://www.peoplegate.net//images/press/etoday.jpg',165,75,2),(796,'http://www.peoplegate.net//images/press/hankook.JPG',629,216,2),(796,'http://www.peoplegate.net//images/press/junja.JPG',456,169,2),(796,'http://www.peoplegate.net//images/press/22.JPG',219,50,2),(796,'http://www.peoplegate.net//images/press/VS_LOGO.png',214,80,2),(796,'http://www.peoplegate.net//images/press/hea.png',291,51,2),(796,'http://www.peoplegate.net//images/press/chosun.JPG',544,200,2),(796,'http://www.peoplegate.net//images/press/hankook.JPG',629,216,2),(796,'http://www.peoplegate.net//images/press/etoday.jpg',165,75,2),(796,'http://www.peoplegate.net//images/press/hankook.JPG',629,216,2),(796,'http://www.peoplegate.net//images/press/junja.JPG',456,169,2),(796,'http://www.peoplegate.net//images/press/22.JPG',219,50,2),(796,'http://www.peoplegate.net//images/press/VS_LOGO.png',214,80,2),(796,'http://www.peoplegate.net//images/press/hea.png',291,51,2),(796,'http://www.peoplegate.net//images/press/chosun.JPG',544,200,2),(796,'http://www.peoplegate.net//images/press/hankook.JPG',629,216,2),(796,'http://www.peoplegate.net//images/press/etoday.jpg',165,75,2),(796,'http://www.peoplegate.net//images/press/hankook.JPG',629,216,2),(796,'http://www.peoplegate.net//images/press/junja.JPG',456,169,2),(796,'http://www.peoplegate.net//images/press/22.JPG',219,50,2),(796,'http://www.peoplegate.net//images/press/VS_LOGO.png',214,80,2),(796,'http://www.peoplegate.net//images/press/hea.png',291,51,2),(796,'http://www.peoplegate.net//images/press/chosun.JPG',544,200,2),(796,'http://www.peoplegate.net//images/press/hankook.JPG',629,216,2),(796,'http://www.peoplegate.net//images/press/etoday.jpg',165,75,2),(796,'http://www.peoplegate.net//images/press/hankook.JPG',629,216,2),(796,'http://www.peoplegate.net//images/press/junja.JPG',456,169,2),(796,'http://www.peoplegate.net//images/press/22.JPG',219,50,2),(796,'http://www.peoplegate.net//images/press/VS_LOGO.png',214,80,2),(796,'http://www.peoplegate.net//images/press/hea.png',291,51,2),(796,'http://www.peoplegate.net//images/press/chosun.JPG',544,200,2),(796,'http://www.peoplegate.net//images/press/hankook.JPG',629,216,2),(796,'http://www.peoplegate.net//images/press/etoday.jpg',165,75,2),(796,'http://www.peoplegate.net//images/press/hankook.JPG',629,216,2),(796,'http://www.peoplegate.net//images/press/junja.JPG',456,169,2),(796,'http://www.peoplegate.net//images/press/22.JPG',219,50,2),(796,'http://www.peoplegate.net//images/press/VS_LOGO.png',214,80,2),(796,'http://www.peoplegate.net//images/press/hea.png',291,51,2),(796,'http://www.peoplegate.net//images/press/chosun.JPG',544,200,2),(796,'http://www.peoplegate.net//images/press/hankook.JPG',629,216,2),(796,'http://www.peoplegate.net//images/press/etoday.jpg',165,75,2),(796,'http://www.peoplegate.net//images/press/hankook.JPG',629,216,2),(796,'http://www.peoplegate.net//images/press/junja.JPG',456,169,2),(796,'http://www.peoplegate.net//images/press/22.JPG',219,50,2),(796,'http://www.peoplegate.net//images/press/VS_LOGO.png',214,80,2),(796,'http://www.peoplegate.net//images/press/hea.png',291,51,2),(796,'http://www.peoplegate.net//images/press/chosun.JPG',544,200,2),(796,'http://www.peoplegate.net//images/press/hankook.JPG',629,216,2),(796,'http://www.peoplegate.net//images/press/etoday.jpg',165,75,2),(796,'http://www.peoplegate.net//images/press/hankook.JPG',629,216,2),(796,'http://www.peoplegate.net//images/press/junja.JPG',456,169,2),(796,'http://www.peoplegate.net//images/press/22.JPG',219,50,2),(796,'http://www.peoplegate.net//images/press/VS_LOGO.png',214,80,2),(796,'http://www.peoplegate.net//images/press/hea.png',291,51,2),(796,'http://www.peoplegate.net//images/press/chosun.JPG',544,200,2),(796,'http://www.peoplegate.net//images/press/hankook.JPG',629,216,2),(796,'http://www.peoplegate.net//images/press/etoday.jpg',165,75,2),(796,'http://www.peoplegate.net//images/press/hankook.JPG',629,216,2),(796,'http://www.peoplegate.net//images/press/junja.JPG',456,169,2),(796,'http://www.peoplegate.net//images/press/22.JPG',219,50,2),(796,'http://www.peoplegate.net//images/press/VS_LOGO.png',214,80,2),(796,'http://www.peoplegate.net//images/press/hea.png',291,51,2),(796,'http://www.peoplegate.net//images/press/chosun.JPG',544,200,2),(796,'http://www.peoplegate.net//images/press/hankook.JPG',629,216,2),(796,'http://www.peoplegate.net//images/press/etoday.jpg',165,75,2),(796,'http://www.peoplegate.net//images/press/hankook.JPG',629,216,2),(796,'http://www.peoplegate.net//images/press/junja.JPG',456,169,2),(796,'http://www.peoplegate.net//images/press/22.JPG',219,50,2),(796,'http://www.peoplegate.net//images/press/VS_LOGO.png',214,80,2),(796,'http://www.peoplegate.net//images/press/hea.png',291,51,2),(796,'http://www.peoplegate.net//images/press/chosun.JPG',544,200,2),(796,'http://www.peoplegate.net//images/press/hankook.JPG',629,216,2),(796,'http://www.peoplegate.net//images/press/etoday.jpg',165,75,2),(796,'http://www.peoplegate.net//images/press/hankook.JPG',629,216,2),(796,'http://www.peoplegate.net//images/press/junja.JPG',456,169,2),(796,'http://www.peoplegate.net//images/press/22.JPG',219,50,2),(796,'http://www.peoplegate.net//images/press/VS_LOGO.png',214,80,2),(796,'http://www.peoplegate.net//images/press/hea.png',291,51,2),(796,'http://www.peoplegate.net//images/press/chosun.JPG',544,200,2),(796,'http://www.peoplegate.net//images/press/hankook.JPG',629,216,2),(796,'http://www.peoplegate.net//images/press/etoday.jpg',165,75,2),(796,'http://www.peoplegate.net//images/press/hankook.JPG',629,216,2),(796,'http://www.peoplegate.net//images/press/junja.JPG',456,169,2),(796,'http://www.peoplegate.net//images/press/22.JPG',219,50,2),(796,'http://www.peoplegate.net//images/press/VS_LOGO.png',214,80,2),(796,'http://www.peoplegate.net//images/press/hea.png',291,51,2),(796,'http://www.peoplegate.net//images/press/chosun.JPG',544,200,2),(796,'http://www.peoplegate.net//images/press/hankook.JPG',629,216,2),(796,'http://www.peoplegate.net//images/press/etoday.jpg',165,75,2),(796,'http://www.peoplegate.net//images/press/hankook.JPG',629,216,2),(796,'http://www.peoplegate.net//images/press/junja.JPG',456,169,2),(796,'http://www.peoplegate.net//images/press/22.JPG',219,50,2),(796,'http://www.peoplegate.net//images/press/VS_LOGO.png',214,80,2),(796,'http://www.peoplegate.net//images/press/hea.png',291,51,2),(796,'http://www.peoplegate.net//images/press/chosun.JPG',544,200,2),(796,'http://www.peoplegate.net//images/press/hankook.JPG',629,216,2),(796,'http://www.peoplegate.net//images/press/etoday.jpg',165,75,2),(796,'http://www.peoplegate.net//images/press/hankook.JPG',629,216,2),(796,'http://www.peoplegate.net//images/press/junja.JPG',456,169,2),(796,'http://www.peoplegate.net//images/press/22.JPG',219,50,2),(796,'http://www.peoplegate.net//images/press/VS_LOGO.png',214,80,2),(796,'http://www.peoplegate.net//images/press/hea.png',291,51,2),(796,'http://www.peoplegate.net//images/press/chosun.JPG',544,200,2),(796,'http://www.peoplegate.net//images/press/hankook.JPG',629,216,2),(796,'http://www.peoplegate.net//images/press/etoday.jpg',165,75,2),(796,'http://www.peoplegate.net//images/press/hankook.JPG',629,216,2),(796,'http://www.peoplegate.net//images/press/junja.JPG',456,169,2),(796,'http://www.peoplegate.net//images/press/22.JPG',219,50,2),(796,'http://www.peoplegate.net//images/press/VS_LOGO.png',214,80,2),(796,'http://www.peoplegate.net//images/press/hea.png',291,51,2),(796,'http://www.peoplegate.net//images/press/chosun.JPG',544,200,2),(796,'http://www.peoplegate.net//images/press/hankook.JPG',629,216,2),(796,'http://www.peoplegate.net//images/press/etoday.jpg',165,75,2),(796,'http://www.peoplegate.net//images/press/hankook.JPG',629,216,2),(796,'http://www.peoplegate.net//images/press/junja.JPG',456,169,2),(796,'http://www.peoplegate.net//images/press/22.JPG',219,50,2),(796,'http://www.peoplegate.net//images/press/VS_LOGO.png',214,80,2),(796,'http://www.peoplegate.net//images/press/hea.png',291,51,2),(796,'http://www.peoplegate.net//images/press/chosun.JPG',544,200,2),(796,'http://www.peoplegate.net//images/press/hankook.JPG',629,216,2),(796,'http://www.peoplegate.net//images/press/etoday.jpg',165,75,2),(796,'http://www.peoplegate.net//images/press/hankook.JPG',629,216,2),(796,'http://www.peoplegate.net//images/press/junja.JPG',456,169,2),(796,'http://www.peoplegate.net//images/press/22.JPG',219,50,2),(796,'http://www.peoplegate.net//images/press/VS_LOGO.png',214,80,2),(796,'http://www.peoplegate.net//images/press/hea.png',291,51,2),(796,'http://www.peoplegate.net//images/press/chosun.JPG',544,200,2),(796,'http://www.peoplegate.net//images/press/hankook.JPG',629,216,2),(797,'http://www.peoplegate.net//images/company-main.jpg',240,170,3),(797,'http://www.peoplegate.net//images/partner/naver.jpg',177,70,2),(797,'http://www.peoplegate.net//images/partner/happybean.jpg',132,55,2),(797,'http://www.peoplegate.net//images/partner/pledis.png',177,70,2),(797,'http://www.peoplegate.net//images/partner/aladin.jpg',175,72,2),(797,'http://www.peoplegate.net//images/partner/green.jpg',177,70,2),(797,'http://www.peoplegate.net//images/partner/duo.jpg',401,164,2),(797,'http://www.peoplegate.net//images/partner/kt.png',177,70,2),(797,'http://www.peoplegate.net//images/partner/world2.jpg',160,63,2),(797,'http://www.peoplegate.net//images/partner/day.png',176,72,2),(797,'http://www.peoplegate.net//images/partner/nocutnews.jpg',176,72,2),(797,'http://www.peoplegate.net//images/partner/glossybox.jpg',177,70,2),(797,'http://www.peoplegate.net//images/partner/fashory.jpg',765,315,2),(797,'http://www.peoplegate.net//images/company-logo.jpg',609,172,5),(815,'https://assets-cdn.github.com/images/spinners/octocat-spinner-128.gif',128,128,1),(815,'https://avatars2.githubusercontent.com/u/3794501?v=2&s=96',96,96,3),(815,'https://cloud.githubusercontent.com/assets/3794501/3878723/ced3f094-2171-11e4-90d9-ebcb6a272e1f.png',1600,900,2),(815,'https://cloud.githubusercontent.com/assets/3794501/3878729/d7ff1a5e-2171-11e4-8451-e23d16a82388.png',1600,900,2),(815,'https://cloud.githubusercontent.com/assets/3794501/3878734/e1dafc82-2171-11e4-8127-fb1b310a8fbb.png',1600,900,2),(815,'https://cloud.githubusercontent.com/assets/3794501/3879111/95f040d0-2175-11e4-8609-19096bc74817.png',1600,900,2),(815,'https://cloud.githubusercontent.com/assets/3794501/4006592/7582e0d6-29af-11e4-8df2-cd6ffb352572.png',612,418,2),(815,'https://cloud.githubusercontent.com/assets/3794501/4006593/7e4f8fe8-29af-11e4-8bff-3a18b89074bc.png',612,418,2),(815,'https://avatars1.githubusercontent.com/u/3794501?v=2&s=32',32,32,3),(815,'https://cloud.githubusercontent.com/assets/3794501/4023652/9888e6ac-2b9e-11e4-88fe-60d1dae507f1.png',612,418,2),(815,'https://cloud.githubusercontent.com/assets/3794501/4023653/9b961c70-2b9e-11e4-9b28-2a4fe535bf27.png',612,418,2),(815,'https://cloud.githubusercontent.com/assets/3794501/4026051/923a2c5c-2c0c-11e4-84cf-488579469cfa.png',612,418,7),(815,'https://cloud.githubusercontent.com/assets/3794501/4026184/cb49d4a8-2c10-11e4-8bc6-246d0f20bafc.png',612,418,7),(837,'https://www.google.com/images/cleardot.gif',1,1,1),(839,'http://0.gravatar.com/avatar/8430cb674c313bcbc85e4f102b10ee50?s=75&d=http%3A%2F%2F0.gravatar.com%2Favatar%2Fad516503a11cd5ca435acc9bb6523536%3Fs%3D75&r=G',75,75,1),(859,'http://sexy.pe.kr/tc/attach/1/9036915050.png',751,399,2),(859,'http://sexy.pe.kr/tc/attach/1/5690659069.png',733,407,2),(874,'http://static.naver.com/common/popup/ico_help.gif',100,100,1),(875,'http://static.naver.com/common/popup/ico_help.gif',100,100,1),(880,'http://static.naver.com/common/popup/ico_help.gif',100,100,1),(881,'http://static.naver.com/common/popup/ico_help.gif',100,100,1),(882,'http://static.naver.com/common/popup/ico_help.gif',100,100,1),(883,'http://static.naver.com/common/popup/ico_help.gif',14,14,1),(886,'http://www.peoplegate.net//images/press/hankook.JPG',629,216,2),(886,'http://www.peoplegate.net//images/press/junja.JPG',456,169,2),(886,'http://www.peoplegate.net//images/press/chosun.JPG',544,200,2),(886,'http://www.peoplegate.net//images/press/hankook.JPG',629,216,2),(886,'http://www.peoplegate.net//images/press/hankook.JPG',629,216,2),(886,'http://www.peoplegate.net//images/press/junja.JPG',456,169,2),(886,'http://www.peoplegate.net//images/press/chosun.JPG',544,200,2),(886,'http://www.peoplegate.net//images/press/hankook.JPG',629,216,2),(886,'http://www.peoplegate.net//images/press/hankook.JPG',629,216,2),(886,'http://www.peoplegate.net//images/press/junja.JPG',456,169,2),(886,'http://www.peoplegate.net//images/press/chosun.JPG',544,200,2),(886,'http://www.peoplegate.net//images/press/hankook.JPG',629,216,2),(886,'http://www.peoplegate.net//images/press/hankook.JPG',629,216,2),(886,'http://www.peoplegate.net//images/press/junja.JPG',456,169,2),(886,'http://www.peoplegate.net//images/press/chosun.JPG',544,200,2),(886,'http://www.peoplegate.net//images/press/hankook.JPG',629,216,2),(886,'http://www.peoplegate.net//images/press/hankook.JPG',629,216,2),(886,'http://www.peoplegate.net//images/press/junja.JPG',456,169,2),(886,'http://www.peoplegate.net//images/press/chosun.JPG',544,200,2),(886,'http://www.peoplegate.net//images/press/hankook.JPG',629,216,2),(886,'http://www.peoplegate.net//images/press/hankook.JPG',629,216,2),(886,'http://www.peoplegate.net//images/press/junja.JPG',456,169,2),(886,'http://www.peoplegate.net//images/press/chosun.JPG',544,200,2),(886,'http://www.peoplegate.net//images/press/hankook.JPG',629,216,2),(886,'http://www.peoplegate.net//images/press/hankook.JPG',629,216,2),(886,'http://www.peoplegate.net//images/press/junja.JPG',456,169,2),(886,'http://www.peoplegate.net//images/press/chosun.JPG',544,200,2),(886,'http://www.peoplegate.net//images/press/hankook.JPG',629,216,2),(886,'http://www.peoplegate.net//images/press/hankook.JPG',629,216,2),(886,'http://www.peoplegate.net//images/press/junja.JPG',456,169,2),(886,'http://www.peoplegate.net//images/press/chosun.JPG',544,200,2),(886,'http://www.peoplegate.net//images/press/hankook.JPG',629,216,2),(886,'http://www.peoplegate.net//images/press/hankook.JPG',629,216,2),(886,'http://www.peoplegate.net//images/press/junja.JPG',456,169,2),(886,'http://www.peoplegate.net//images/press/chosun.JPG',544,200,2),(886,'http://www.peoplegate.net//images/press/hankook.JPG',629,216,2),(886,'http://www.peoplegate.net//images/press/hankook.JPG',629,216,2),(886,'http://www.peoplegate.net//images/press/junja.JPG',456,169,2),(886,'http://www.peoplegate.net//images/press/chosun.JPG',544,200,2),(886,'http://www.peoplegate.net//images/press/hankook.JPG',629,216,2),(886,'http://www.peoplegate.net//images/press/hankook.JPG',629,216,2),(886,'http://www.peoplegate.net//images/press/junja.JPG',456,169,2),(886,'http://www.peoplegate.net//images/press/chosun.JPG',544,200,2),(886,'http://www.peoplegate.net//images/press/hankook.JPG',629,216,2),(886,'http://www.peoplegate.net//images/press/hankook.JPG',629,216,2),(886,'http://www.peoplegate.net//images/press/junja.JPG',456,169,2),(886,'http://www.peoplegate.net//images/press/chosun.JPG',544,200,2),(886,'http://www.peoplegate.net//images/press/hankook.JPG',629,216,2),(886,'http://www.peoplegate.net//images/press/hankook.JPG',629,216,2),(886,'http://www.peoplegate.net//images/press/junja.JPG',456,169,2),(886,'http://www.peoplegate.net//images/press/chosun.JPG',544,200,2),(886,'http://www.peoplegate.net//images/press/hankook.JPG',629,216,2),(886,'http://www.peoplegate.net//images/press/hankook.JPG',629,216,2),(886,'http://www.peoplegate.net//images/press/junja.JPG',456,169,2),(886,'http://www.peoplegate.net//images/press/chosun.JPG',544,200,2),(886,'http://www.peoplegate.net//images/press/hankook.JPG',629,216,2),(886,'http://www.peoplegate.net//images/press/hankook.JPG',629,216,2),(886,'http://www.peoplegate.net//images/press/junja.JPG',456,169,2),(886,'http://www.peoplegate.net//images/press/chosun.JPG',544,200,2),(886,'http://www.peoplegate.net//images/press/hankook.JPG',629,216,2),(886,'http://www.peoplegate.net//images/press/hankook.JPG',629,216,2),(886,'http://www.peoplegate.net//images/press/junja.JPG',456,169,2),(886,'http://www.peoplegate.net//images/press/chosun.JPG',544,200,2),(886,'http://www.peoplegate.net//images/press/hankook.JPG',629,216,2),(886,'http://www.peoplegate.net//images/press/hankook.JPG',629,216,2),(886,'http://www.peoplegate.net//images/press/junja.JPG',456,169,2),(886,'http://www.peoplegate.net//images/press/chosun.JPG',544,200,2),(886,'http://www.peoplegate.net//images/press/hankook.JPG',629,216,2),(886,'http://www.peoplegate.net//images/press/22.JPG',219,50,2),(886,'http://www.peoplegate.net//images/press/22.JPG',219,50,2),(886,'http://www.peoplegate.net//images/press/22.JPG',219,50,2),(886,'http://www.peoplegate.net//images/press/22.JPG',219,50,2),(886,'http://www.peoplegate.net//images/press/22.JPG',219,50,2),(886,'http://www.peoplegate.net//images/press/22.JPG',219,50,2),(886,'http://www.peoplegate.net//images/press/22.JPG',219,50,2),(886,'http://www.peoplegate.net//images/press/22.JPG',219,50,2),(886,'http://www.peoplegate.net//images/press/22.JPG',219,50,2),(886,'http://www.peoplegate.net//images/press/22.JPG',219,50,2),(886,'http://www.peoplegate.net//images/press/22.JPG',219,50,2),(886,'http://www.peoplegate.net//images/press/22.JPG',219,50,2),(886,'http://www.peoplegate.net//images/press/22.JPG',219,50,2),(886,'http://www.peoplegate.net//images/press/22.JPG',219,50,2),(886,'http://www.peoplegate.net//images/press/22.JPG',219,50,2),(886,'http://www.peoplegate.net//images/press/22.JPG',219,50,2),(886,'http://www.peoplegate.net//images/press/22.JPG',219,50,2),(886,'http://www.peoplegate.net//images/press/etoday.jpg',165,75,2),(886,'http://www.peoplegate.net//images/press/etoday.jpg',165,75,2),(886,'http://www.peoplegate.net//images/press/etoday.jpg',165,75,2),(886,'http://www.peoplegate.net//images/press/etoday.jpg',165,75,2),(886,'http://www.peoplegate.net//images/press/etoday.jpg',165,75,2),(886,'http://www.peoplegate.net//images/press/etoday.jpg',165,75,2),(886,'http://www.peoplegate.net//images/press/etoday.jpg',165,75,2),(886,'http://www.peoplegate.net//images/press/etoday.jpg',165,75,2),(886,'http://www.peoplegate.net//images/press/etoday.jpg',165,75,2),(886,'http://www.peoplegate.net//images/press/etoday.jpg',165,75,2),(886,'http://www.peoplegate.net//images/press/etoday.jpg',165,75,2),(886,'http://www.peoplegate.net//images/press/etoday.jpg',165,75,2),(886,'http://www.peoplegate.net//images/press/etoday.jpg',165,75,2),(886,'http://www.peoplegate.net//images/press/etoday.jpg',165,75,2),(886,'http://www.peoplegate.net//images/press/etoday.jpg',165,75,2),(886,'http://www.peoplegate.net//images/press/etoday.jpg',165,75,2),(886,'http://www.peoplegate.net//images/press/etoday.jpg',165,75,2),(886,'http://www.peoplegate.net//images/press/VS_LOGO.png',214,80,2),(886,'http://www.peoplegate.net//images/press/VS_LOGO.png',214,80,2),(886,'http://www.peoplegate.net//images/press/VS_LOGO.png',214,80,2),(886,'http://www.peoplegate.net//images/press/VS_LOGO.png',214,80,2),(886,'http://www.peoplegate.net//images/press/VS_LOGO.png',214,80,2),(886,'http://www.peoplegate.net//images/press/VS_LOGO.png',214,80,2),(886,'http://www.peoplegate.net//images/press/VS_LOGO.png',214,80,2),(886,'http://www.peoplegate.net//images/press/VS_LOGO.png',214,80,2),(886,'http://www.peoplegate.net//images/press/VS_LOGO.png',214,80,2),(886,'http://www.peoplegate.net//images/press/VS_LOGO.png',214,80,2),(886,'http://www.peoplegate.net//images/press/VS_LOGO.png',214,80,2),(886,'http://www.peoplegate.net//images/press/VS_LOGO.png',214,80,2),(886,'http://www.peoplegate.net//images/press/VS_LOGO.png',214,80,2),(886,'http://www.peoplegate.net//images/press/VS_LOGO.png',214,80,2),(886,'http://www.peoplegate.net//images/press/VS_LOGO.png',214,80,2),(886,'http://www.peoplegate.net//images/press/VS_LOGO.png',214,80,2),(886,'http://www.peoplegate.net//images/press/VS_LOGO.png',214,80,2),(886,'http://www.peoplegate.net//images/press/hea.png',291,51,2),(886,'http://www.peoplegate.net//images/press/hea.png',291,51,2),(886,'http://www.peoplegate.net//images/press/hea.png',291,51,2),(886,'http://www.peoplegate.net//images/press/hea.png',291,51,2),(886,'http://www.peoplegate.net//images/press/hea.png',291,51,2),(886,'http://www.peoplegate.net//images/press/hea.png',291,51,2),(886,'http://www.peoplegate.net//images/press/hea.png',291,51,2),(886,'http://www.peoplegate.net//images/press/hea.png',291,51,2),(886,'http://www.peoplegate.net//images/press/hea.png',291,51,2),(886,'http://www.peoplegate.net//images/press/hea.png',291,51,2),(886,'http://www.peoplegate.net//images/press/hea.png',291,51,2),(886,'http://www.peoplegate.net//images/press/hea.png',291,51,2),(886,'http://www.peoplegate.net//images/press/hea.png',291,51,2),(886,'http://www.peoplegate.net//images/press/hea.png',291,51,2),(886,'http://www.peoplegate.net//images/press/hea.png',291,51,2),(886,'http://www.peoplegate.net//images/press/hea.png',291,51,2),(886,'http://www.peoplegate.net//images/press/hea.png',291,51,2),(889,'http://static.naver.com/common/popup/ico_help.gif',14,14,2),(890,'http://static.naver.com/common/popup/ico_help.gif',14,14,2),(891,'http://static.naver.com/common/popup/ico_help.gif',14,14,2),(892,'http://sexy.pe.kr/tc/attach/1/9036915050.png',751,399,2),(892,'http://sexy.pe.kr/tc/attach/1/5690659069.png',733,407,2),(895,'http://dthumb.phinf.naver.net/?src=http://sports.phinf.naver.net//20140825_2/140896941927181hic_JPEG/8_20140825HHHT0.jpg&twidth=149&theight=83&opts=8&qlt=95&noimage=sp3',149,83,4),(895,'http://dthumb.phinf.naver.net/?src=http://sports.phinf.naver.net//20140825_76/1408970459023QHhYE_JPEG/9.jpg&twidth=149&theight=83&opts=8&qlt=95&noimage=sp3',149,83,2),(895,'http://dthumb.phinf.naver.net/?src=http://sports.phinf.naver.net//20140825_134/1408967433673I6Qg4_JPEG/7.jpg&twidth=149&theight=83&opts=8&qlt=95&noimage=sp3',149,83,3),(895,'http://dthumb.phinf.naver.net/?src=http://sports.phinf.naver.net//20140825_232/14089644080041YFcB_JPEG/6.jpg&twidth=149&theight=83&opts=8&qlt=95&noimage=sp3',149,83,3),(896,'http://imgnews.naver.net/image/109/2014/08/25/201406281948776373_53ae9e01d19a1_99_20140825213306.jpg',530,583,4),(896,'http://imgnews.naver.com/image/news/2004n/bu_arrow02.gif',7,4,3),(896,'http://imgnews.naver.com/image/news/2004n/bu_arrow03.gif',7,4,3),(896,'http://imgnews.naver.com/image/sports/2006/section/btit04.gif',57,15,2),(909,'http://cfile26.uf.tistory.com/image/24550E4953968CDF1813D6',730,547,4),(909,'http://cfile22.uf.tistory.com/image/2640834953968CE006CF3A',730,547,2),(909,'http://cfile8.uf.tistory.com/image/2252E94953968CE0170883',730,547,2),(909,'http://cfile9.uf.tistory.com/image/250E025053968D930DB829',730,547,7),(909,'http://cfile2.uf.tistory.com/image/2719D45053968D940AD06E',730,547,3),(909,'http://cfile3.uf.tistory.com/image/2357734E53968EED38D839',730,547,7),(909,'http://cfile7.uf.tistory.com/image/2766404E53968EEE0D57F7',730,547,7),(909,'http://cfile5.uf.tistory.com/image/2559B84E53968EEF0E3175',730,547,7),(909,'http://cfile26.uf.tistory.com/image/2146CC4B5396959F0BF661',730,505,4),(909,'http://cfile28.uf.tistory.com/image/26516B4253968F872673AD',650,488,2),(909,'http://cfile6.uf.tistory.com/image/2672084253968F8734EF0D',650,488,2),(909,'http://cfile28.uf.tistory.com/image/2328A45053968D9409A23A',730,547,3),(909,'http://cfile10.uf.tistory.com/image/222A894253968F872A8B70',650,488,2),(909,'http://cfile30.uf.tistory.com/image/2603573C539690610802D0',730,547,5),(909,'http://cfile2.uf.tistory.com/image/220BAB3C5396906207E62B',730,547,5),(909,'http://cfile21.uf.tistory.com/image/2218343C5396906218C6BE',730,547,5),(909,'http://cfile9.uf.tistory.com/image/265D3F4B539695A0071629',730,505,2),(909,'http://cfile29.uf.tistory.com/image/24559047539694483188C3',730,1030,2),(909,'http://cfile29.uf.tistory.com/image/2231964B5396959F242B02',730,505,2),(909,'http://i1.daumcdn.net/cfs.tistory/v/0/static/admin/editor/ccl_black01.png',15,15,3),(909,'http://cfile24.uf.tistory.com/image/254D654D53968B9A1B6398',730,486,1),(909,'http://cfile7.uf.tistory.com/image/226D9647539694472EFE26',730,1052,2),(909,'http://cfile30.uf.tistory.com/image/262582475396944925DF1B',730,1029,2),(909,'http://i1.daumcdn.net/cfs.tistory/v/0/static/admin/editor/ccl_black02.png',15,15,3),(909,'http://i1.daumcdn.net/cfs.tistory/v/0/static/admin/editor/ccl_black04.png',15,15,3),(909,'http://i.creativecommons.org/l/by-nc-nd/2.0/kr/88x31.png',88,31,1),(909,'http://cfile2.uf.tistory.com/image/26017F4E539697970230A3',730,410,3),(909,'http://cfile4.uf.tistory.com/image/242E354E5396979A129446',730,410,1),(909,'http://cfile6.uf.tistory.com/image/241FFC4E53969799156622',730,410,1);

UNLOCK TABLES;

/*Table structure for table `parsing_keyword` */

DROP TABLE IF EXISTS `parsing_keyword`;

CREATE TABLE `parsing_keyword` (
  `pn` int(11) NOT NULL AUTO_INCREMENT COMMENT '키워드 고유번호',
  `keyword` varchar(255) DEFAULT NULL COMMENT '키워드 내용',
  PRIMARY KEY (`pn`)
) ENGINE=InnoDB AUTO_INCREMENT=90 DEFAULT CHARSET=utf8;

/*Data for the table `parsing_keyword` */

LOCK TABLES `parsing_keyword` WRITE;

insert  into `parsing_keyword`(`pn`,`keyword`) values (1,NULL),(2,'gallery'),(3,'gallery'),(4,'gallery'),(5,'gallery'),(6,'gallery'),(7,'gallery'),(8,NULL),(9,NULL),(10,'라미란'),(11,'맹승지'),(12,'OpenGL ES'),(13,NULL),(14,NULL),(15,''),(16,''),(17,''),(18,''),(19,''),(20,''),(21,''),(22,''),(23,''),(24,''),(25,' metro ui css template'),(26,' metro ui css template'),(27,' anything'),(28,' metro ui css template'),(29,' google translate'),(30,''),(31,' 국세청 환급금조회'),(32,' '),(33,''),(34,' opengl es 2.0'),(35,' 국세청 환급금조회'),(36,' 국세청 환급금조회'),(37,' bing'),(38,' bing'),(39,' 국세청 환급금조회'),(40,''),(41,' ie=UTF8#metro ui css template'),(42,' metro ui css template'),(43,' metro ui css template'),(44,' metro ui css template'),(45,''),(46,' metro ui css template'),(47,''),(48,' domain 이름만 추출하기'),(49,' 2차 도메인 추출'),(50,' 2차 도메인 추출'),(51,' 정규식 도메인 추출'),(52,' 정규식 도메인 추출'),(53,' 정규식 도메인 추출'),(54,' 정규식 도메인 추출'),(55,' 정규식 도메인 추출'),(56,' 정규식 2차 도메인 추출'),(57,' 정규식 2차 도메인 추출'),(58,' input type check event'),(59,' Hex workshop 4.23'),(60,' Hex workshop 4.23'),(61,' 김주하'),(62,' '),(63,' '),(64,' '),(65,' '),(66,' '),(67,' '),(68,' '),(69,' '),(70,' java image load from url'),(71,' java image load from url'),(72,' java image load from url'),(73,' java image pixel value'),(74,' java image load from url'),(75,' '),(76,' '),(77,' src 추출'),(82,' application bean get java'),(83,' java spring get bean from applicationcontext'),(84,' java spring get bean from applicationcontext'),(85,' application bean get java'),(86,' java image pixel value'),(87,' metro ui'),(88,' metro ui'),(89,' ');

UNLOCK TABLES;

/*Table structure for table `parsing_url` */

DROP TABLE IF EXISTS `parsing_url`;

CREATE TABLE `parsing_url` (
  `pn` int(11) NOT NULL AUTO_INCREMENT COMMENT 'URL 고유번호',
  `url` text NOT NULL COMMENT 'URL 정보',
  `domain` varchar(255) NOT NULL COMMENT '정규식으로 걸러진 Domain',
  `favicon` varchar(255) NOT NULL COMMENT 'Favicon Url',
  PRIMARY KEY (`pn`)
) ENGINE=InnoDB AUTO_INCREMENT=365 DEFAULT CHARSET=utf8;

/*Data for the table `parsing_url` */

LOCK TABLES `parsing_url` WRITE;

insert  into `parsing_url`(`pn`,`url`,`domain`,`favicon`) values (126,'http://masonry.desandro.com/','http://masonry.desandro.com/','http://masonry.desandro.com/favicon.ico'),(127,'http://www.naver.com/','http://www.naver.com/','http://www.naver.com/favicon.ico?1'),(128,'http://news.naver.com/main/hotissue/sectionList.nhn?mid=hot&sid1=102&gid=984673&query=1&sm=top_txt','http://news.naver.com/','http://static.news.naver.net/image/news/2014/favicon/favicon.ico'),(129,'http://news.naver.com/main/main.nhn?mode=LSD&mid=shm&sid1=105','http://news.naver.com/','http://static.news.naver.net/image/news/2014/favicon/favicon.ico'),(130,'http://news.naver.com/main/read.nhn?mode=LSD&mid=shm&sid1=105&oid=001&aid=0007082717','http://news.naver.com/',''),(131,'http://search.naver.com/search.naver?sm=top_txt&where=nexearch&ie=utf8&query=14%EB%B2%88%EC%A7%B8%20%EC%A0%88%EA%B8%B0','http://search.naver.com/','http://sstatic.naver.net/search/favicon/favicon_140327.ico'),(132,'http://news.naver.com/main/read.nhn?mode=LSD&mid=sec&sid1=102&oid=014&aid=0003231997','http://news.naver.com/',''),(133,'https://www.google.co.kr/webhp?sourceid=chrome-instant&ion=1&espv=2&es_th=1&ie=UTF-8#q=masonry%20scroll','https://www.google.co.kr/','https://www.google.co.kr/favicon.ico'),(134,'http://stackoverflow.com/questions/15630049/how-do-i-add-infinite-scroll-with-jquery-masonry','http://stackoverflow.com/',''),(135,'http://wptheming.com/2013/04/jetpack-infinite-scroll-masonry/','http://wptheming.com/',''),(136,'https://www.google.co.kr/webhp?sourceid=chrome-instant&ion=1&espv=2&es_th=1&ie=UTF-8#q=ppt+%ED%85%9C%ED%94%8C%EB%A6%BF','https://www.google.co.kr/','https://www.google.co.kr/favicon.ico'),(137,'http://exocet.tistory.com/229','http://exocet.tistory.com/','http://exocet.tistory.com/favicon.ico'),(138,'https://www.google.co.kr/search?q=metro+ui&newwindow=1&tbm=isch&tbo=u&source=univ&sa=X&ei=bGv3U-W1O5bm8AX1h4HIBg&ved=0CCsQ7Ak&biw=1366&bih=643#newwindow=1&q=gallery+icon&tbm=isch&facrc=_&imgdii=_&imgrc=Uf_1R29k08gZFM%253A%3Bvldpt4kwXQEC0M%3Bhttps%253A%252F%252Fcdn2.iconfinder.com%252Fdata%252Ficons%252Fpicons-essentials%252F71%252Fgallery-512.png%3Bhttps%253A%252F%252Fwww.iconfinder.com%252Ficons%252F97675%252Falbum_gallery_image_images_photo_photos_pictures_portfolio_icon%3B512%3B411','https://www.google.co.kr/','https://www.google.co.kr/favicon.ico'),(139,'https://www.google.co.kr/webhp?sourceid=chrome-instant&ion=1&espv=2&es_th=1&ie=UTF-8#q=expand%20button','https://www.google.co.kr/','https://www.google.co.kr/favicon.ico'),(140,'https://www.google.co.kr/search?q=expand+button&espv=2&source=lnms&tbm=isch&sa=X&ei=ofL3U5PNGY_s8AX4wIK4Dw&ved=0CAYQ_AUoAQ&biw=790&bih=818','https://www.google.co.kr/','https://www.google.co.kr/favicon.ico'),(141,'https://www.google.co.kr/search?q=expand+button&espv=2&source=lnms&tbm=isch&sa=X&ei=ofL3U5PNGY_s8AX4wIK4Dw&ved=0CAYQ_AUoAQ&biw=790&bih=818#q=expand+icon&tbm=isch','https://www.google.co.kr/','https://www.google.co.kr/favicon.ico'),(142,'https://www.google.co.kr/search?q=expand+button&espv=2&source=lnms&tbm=isch&sa=X&ei=ofL3U5PNGY_s8AX4wIK4Dw&ved=0CAYQ_AUoAQ&biw=790&bih=818#q=expand+icon&tbm=isch&facrc=_&imgdii=_&imgrc=l1PPf5gc0DQRBM%253A%3B3LQzgKj_zFaKnM%3Bhttps%253A%252F%252Fcdn0.iconfinder.com%252Fdata%252Ficons%252Fcosmo-player%252F40%252Fwindow_fullscreen_2-512.png%3Bhttps%253A%252F%252Fwww.iconfinder.com%252Ficons%252F143557%252Fexpand_fullscreen_icon%3B512%3B512','https://www.google.co.kr/','https://www.google.co.kr/favicon.ico'),(143,'https://www.google.co.kr/search?q=expand+button&espv=2&source=lnms&tbm=isch&sa=X&ei=ofL3U5PNGY_s8AX4wIK4Dw&ved=0CAYQ_AUoAQ&biw=790&bih=818#q=expand+icon&tbm=isch&imgdii=_','https://www.google.co.kr/','https://www.google.co.kr/favicon.ico'),(144,'https://www.google.co.kr/search?q=expand+button&espv=2&source=lnms&tbm=isch&sa=X&ei=ofL3U5PNGY_s8AX4wIK4Dw&ved=0CAYQ_AUoAQ&biw=790&bih=818#q=Arrow&tbm=isch&imgdii=_','https://www.google.co.kr/','https://www.google.co.kr/favicon.ico'),(145,'https://www.google.co.kr/search?q=expand+button&espv=2&source=lnms&tbm=isch&sa=X&ei=ofL3U5PNGY_s8AX4wIK4Dw&ved=0CAYQ_AUoAQ&biw=790&bih=818#q=Arrow+vector&tbm=isch&imgdii=_','https://www.google.co.kr/','https://www.google.co.kr/favicon.ico'),(146,'https://www.google.co.kr/search?q=expand+button&espv=2&source=lnms&tbm=isch&sa=X&ei=ofL3U5PNGY_s8AX4wIK4Dw&ved=0CAYQ_AUoAQ&biw=790&bih=818#q=Arrow+vector+png&tbm=isch&imgdii=_','https://www.google.co.kr/','https://www.google.co.kr/favicon.ico'),(147,'https://www.google.co.kr/search?q=expand+button&espv=2&source=lnms&tbm=isch&sa=X&ei=ofL3U5PNGY_s8AX4wIK4Dw&ved=0CAYQ_AUoAQ&biw=790&bih=818#q=Arrow+vector+png&tbm=isch&facrc=_&imgdii=_&imgrc=J_nsMY850FGVoM%253A%3B-e7InubWZlKw9M%3Bhttp%253A%252F%252Fwww.iconsdownload.net%252Ficons%252F512%252F255-left-arrow-vector.png%3Bhttp%253A%252F%252Fwww.iconsdownload.net%252Farrows%252F254-left-arrow-icon%3B512%3B512','https://www.google.co.kr/','https://www.google.co.kr/favicon.ico'),(148,'http://www.iconsdownload.net/arrows/254-left-arrow-icon','http://www.iconsdownload.net/',''),(149,'http://www.iconsdownload.net/download/254-left-arrow','http://www.iconsdownload.net/',''),(150,'http://www.iconsdownload.net/icons/512/255-left-arrow-vector.png','http://www.iconsdownload.net/',''),(151,'https://www.google.co.kr/webhp?sourceid=chrome-instant&ion=1&espv=2&es_th=1&ie=UTF-8#q=css%20gradient','https://www.google.co.kr/','https://www.google.co.kr/favicon.ico'),(152,'https://www.google.co.kr/webhp?sourceid=chrome-instant&ion=1&espv=2&es_th=1&ie=UTF-8#q=metro%20ui','https://www.google.co.kr/','https://www.google.co.kr/favicon.ico'),(153,'https://www.google.co.kr/search?q=metro+ui&espv=2&source=lnms&tbm=isch&sa=X&ei=pff3U4ObM8Pe8AWyuIKoAg&ved=0CAYQ_AUoAQ&biw=790&bih=818','https://www.google.co.kr/','https://www.google.co.kr/favicon.ico'),(154,'https://www.google.co.kr/search?q=metro+ui&espv=2&source=lnms&tbm=isch&sa=X&ei=pff3U4ObM8Pe8AWyuIKoAg&ved=0CAYQ_AUoAQ&biw=790&bih=818#facrc=_&imgdii=_&imgrc=QuybY-_-F_QghM%253A%3BuEHCHWBLh0ucXM%3Bhttp%253A%252F%252Fblogs.msdn.com%252Fcfs-file.ashx%252F__key%252Fcommunityserver-blogs-components-weblogfiles%252F00-00-00-43-49-metablogapi%252F1373.image_5F00_0005022C.png%3Bhttp%253A%252F%252Fblogs.msdn.com%252Fb%252Fzxue%252Farchive%252F2012%252F03%252F07%252Fwin8-howto-1-switch-between-metro-ui-and-desktop.aspx%3B1024%3B576','https://www.google.co.kr/','https://www.google.co.kr/favicon.ico'),(155,'https://www.google.co.kr/search?q=metro+ui&espv=2&source=lnms&tbm=isch&sa=X&ei=pff3U4ObM8Pe8AWyuIKoAg&ved=0CAYQ_AUoAQ&biw=790&bih=818#facrc=_&imgdii=QuybY-_-F_QghM%3A%3BzWybfhwP7uml9M%3BQuybY-_-F_QghM%3A&imgrc=QuybY-_-F_QghM%253A%3BuEHCHWBLh0ucXM%3Bhttp%253A%252F%252Fblogs.msdn.com%252Fcfs-file.ashx%252F__key%252Fcommunityserver-blogs-components-weblogfiles%252F00-00-00-43-49-metablogapi%252F1373.image_5F00_0005022C.png%3Bhttp%253A%252F%252Fblogs.msdn.com%252Fb%252Fzxue%252Farchive%252F2012%252F03%252F07%252Fwin8-howto-1-switch-between-metro-ui-and-desktop.aspx%3B1024%3B576','https://www.google.co.kr/','https://www.google.co.kr/favicon.ico'),(156,'http://inoblogger.ru/2012/05/','http://inoblogger.ru/',''),(157,'http://i.inoblogger.ru/wp-content/uploads/2012/05/Metro-Windows-81.jpg','http://i.inoblogger.ru/',''),(158,'https://www.google.co.kr/search?q=metro+ui&espv=2&source=lnms&tbm=isch&sa=X&ei=pff3U4ObM8Pe8AWyuIKoAg&ved=0CAYQ_AUoAQ&biw=790&bih=818#facrc=_&imgdii=_&imgrc=Odp-8YJlYTmldM%253A%3BrLu4oSHfvByI2M%3Bhttp%253A%252F%252Ffc09.deviantart.net%252Ffs70%252Ff%252F2011%252F157%252Fa%252Fd%252Fmicrosoft_metro_ui_rg_website_by_rgontwerp-d3i7ncw.png%3Bhttp%253A%252F%252Frgontwerp.deviantart.com%252Fart%252Fwindows-metro-wallpaper-211967390%3B1577%3B879','https://www.google.co.kr/','https://www.google.co.kr/favicon.ico'),(159,'http://rgontwerp.deviantart.com/art/windows-metro-wallpaper-211967390','http://rgontwerp.deviantart.com/',''),(160,'http://rgontwerp.deviantart.com/art/microsoft-metro-ui-rg-website-211988480','http://rgontwerp.deviantart.com/','http://i.deviantart.net/icons/favicon.ico'),(161,'https://www.google.co.kr/search?q=metro+ui&espv=2&source=lnms&tbm=isch&sa=X&ei=DPj3U7ncO9Lt8AWhs4KIDg&ved=0CAYQ_AUoAQ&biw=790&bih=818','https://www.google.co.kr/','https://www.google.co.kr/favicon.ico'),(162,'https://www.google.co.kr/search?q=metro+ui&espv=2&source=lnms&tbm=isch&sa=X&ei=DPj3U7ncO9Lt8AWhs4KIDg&ved=0CAYQ_AUoAQ&biw=790&bih=818#facrc=_&imgdii=_&imgrc=Odp-8YJlYTmldM%253A%3BrLu4oSHfvByI2M%3Bhttp%253A%252F%252Ffc09.deviantart.net%252Ffs70%252Ff%252F2011%252F157%252Fa%252Fd%252Fmicrosoft_metro_ui_rg_website_by_rgontwerp-d3i7ncw.png%3Bhttp%253A%252F%252Frgontwerp.deviantart.com%252Fart%252Fwindows-metro-wallpaper-211967390%3B1577%3B879','https://www.google.co.kr/','https://www.google.co.kr/favicon.ico'),(163,'http://fc09.deviantart.net/fs70/f/2011/157/a/d/microsoft_metro_ui_rg_website_by_rgontwerp-d3i7ncw.png','http://fc09.deviantart.net/',''),(164,'https://www.google.co.kr/webhp?sourceid=chrome-instant&ion=1&espv=2&es_th=1&ie=UTF-8#q=box-shadow','https://www.google.co.kr/','https://www.google.co.kr/favicon.ico'),(165,'http://css3gen.com/box-shadow/','http://css3gen.com/','http://css3gen.com/favicon.ico'),(166,'https://www.google.co.kr/webhp?sourceid=chrome-instant&ion=1&espv=2&es_th=1&ie=UTF-8#q=metro%20default%20background','https://www.google.co.kr/','https://www.google.co.kr/favicon.ico'),(167,'https://www.google.co.kr/search?q=metro+default+background&espv=2&source=lnms&tbm=isch&sa=X&ei=tPr3U-z4K9aE8gXl14G4Dw&ved=0CAYQ_AUoAQ&biw=1600&bih=837','https://www.google.co.kr/','https://www.google.co.kr/favicon.ico'),(168,'https://www.google.co.kr/search?q=metro+default+background&espv=2&source=lnms&tbm=isch&sa=X&ei=tPr3U-z4K9aE8gXl14G4Dw&ved=0CAYQ_AUoAQ&biw=1600&bih=837#q=metro+%EB%B0%94%ED%83%95%ED%99%94%EB%A9%B4&tbm=isch','https://www.google.co.kr/','https://www.google.co.kr/favicon.ico'),(169,'https://www.google.co.kr/search?q=metro+default+background&espv=2&source=lnms&tbm=isch&sa=X&ei=tPr3U-z4K9aE8gXl14G4Dw&ved=0CAYQ_AUoAQ&biw=1600&bih=837#q=metro+%EB%B0%94%ED%83%95%ED%99%94%EB%A9%B4+%EA%B8%B0%EB%B3%B8&tbm=isch','https://www.google.co.kr/','https://www.google.co.kr/favicon.ico'),(170,'https://www.google.co.kr/search?q=metro+default+background&espv=2&source=lnms&tbm=isch&sa=X&ei=tPr3U-z4K9aE8gXl14G4Dw&ved=0CAYQ_AUoAQ&biw=1600&bih=837#q=metro+%EB%B0%94%ED%83%95%ED%99%94%EB%A9%B4+%EA%B8%B0%EB%B3%B8&tbm=isch&facrc=_&imgdii=_&imgrc=e78lCk80UdlBWM%253A%3BktX3HaCraBqseM%3Bhttp%253A%252F%252Fcfile25.uf.tistory.com%252Fimage%252F117AD8334F68FF6D315503%3Bhttp%253A%252F%252Fi3ook.tistory.com%252Fentry%252F%2525EC%2525A7%252581%2525EC%2525A0%252591-%2525EC%25258D%2525A8%2525EB%2525B3%2525B8-%2525EC%25259C%252588%2525EB%25258F%252584%2525EC%25259A%2525B0-8-%2525EC%2525BB%2525A8%2525EC%25258A%252588%2525EB%2525A8%2525B8-%2525ED%252594%252584%2525EB%2525A6%2525AC%2525EB%2525B7%2525B0-%2525EB%2525A7%252588%2525EC%25259A%2525B0%2525EC%25258A%2525A4%2525EB%2525A1%25259C-%2525EB%2525A9%252594%2525ED%25258A%2525B8%2525EB%2525A1%25259C-UI-%2525EC%252593%2525B0%2525EA%2525B3%2525A0-%2525EC%25258B%2525B6%2525EC%2525A7%252584-%2525EC%252595%25258A%2525EC%25259D%252580%2525EB%25258D%2525B0%3B1366%3B768','https://www.google.co.kr/','https://www.google.co.kr/favicon.ico'),(171,'https://encrypted-tbn1.gstatic.com/images?q=tbn:ANd9GcR1Bhm9fBA7uWidzk8zg0a9pKHUePrz5neytd5AdxmfnSNS1qbU','https://encrypted-tbn1.gstatic.com/',''),(172,'https://www.google.co.kr/webhp?sourceid=chrome-instant&ion=1&espv=2&es_th=1&ie=UTF-8#q=metro%20%EB%B0%94%ED%83%95%ED%99%94%EB%A9%B4%20%EA%B8%B0%EB%B3%B8','https://www.google.co.kr/','https://www.google.co.kr/favicon.ico'),(173,'https://www.google.co.kr/webhp?sourceid=chrome-instant&ion=1&espv=2&es_th=1&ie=UTF-8#q=metro+%EB%B0%94%ED%83%95%ED%99%94%EB%A9%B4','https://www.google.co.kr/','https://www.google.co.kr/favicon.ico'),(174,'https://www.google.co.kr/search?q=metro+%EB%B0%94%ED%83%95%ED%99%94%EB%A9%B4&espv=2&source=lnms&tbm=isch&sa=X&ei=Kfv3U8inBpLj8AWfwYH4Dw&ved=0CAYQ_AUoAQ&biw=1600&bih=837','https://www.google.co.kr/','https://www.google.co.kr/favicon.ico'),(175,'https://www.google.co.kr/search?q=metro+%EB%B0%94%ED%83%95%ED%99%94%EB%A9%B4&espv=2&source=lnms&tbm=isch&sa=X&ei=Kfv3U8inBpLj8AWfwYH4Dw&ved=0CAYQ_AUoAQ&biw=1600&bih=837#q=%EB%B0%94%ED%83%95%ED%99%94%EB%A9%B4+win8&tbm=isch','https://www.google.co.kr/','https://www.google.co.kr/favicon.ico'),(176,'https://www.google.co.kr/search?q=metro+%EB%B0%94%ED%83%95%ED%99%94%EB%A9%B4&espv=2&source=lnms&tbm=isch&sa=X&ei=Kfv3U8inBpLj8AWfwYH4Dw&ved=0CAYQ_AUoAQ&biw=1600&bih=837#q=metro+%EA%B8%B0%EB%B3%B8+%EB%B0%94%ED%83%95%ED%99%94%EB%A9%B4&tbm=isch','https://www.google.co.kr/','https://www.google.co.kr/favicon.ico'),(177,'https://www.google.co.kr/search?q=metro+%EA%B8%B0%EB%B3%B8+%EB%B0%94%ED%83%95%ED%99%94%EB%A9%B4&espv=2&source=lnms&sa=X&ei=t_z3U57NFZfc8AWBz4KgAg&ved=0CAUQ_AUoAA&biw=1600&bih=837&dpr=1','https://www.google.co.kr/','https://www.google.co.kr/favicon.ico'),(178,'https://www.google.co.kr/search?q=metro+%EA%B8%B0%EB%B3%B8+%EB%B0%94%ED%83%95%ED%99%94%EB%A9%B4&espv=2&source=lnms&sa=X&ei=t_z3U57NFZfc8AWBz4KgAg&ved=0CAUQ_AUoAA&biw=1600&bih=837&dpr=1#q=metro+%EA%B8%B0%EB%B3%B8+%EB%B0%B0%EA%B2%BD','https://www.google.co.kr/','https://www.google.co.kr/favicon.ico'),(179,'https://www.google.co.kr/search?q=metro+%EA%B8%B0%EB%B3%B8+%EB%B0%B0%EA%B2%BD&espv=2&source=lnms&tbm=isch&sa=X&ei=wfz3U5rWJs_r8AXS7oHwCg&ved=0CAYQ_AUoAQ&biw=1600&bih=837','https://www.google.co.kr/','https://www.google.co.kr/favicon.ico'),(180,'http://roachblog.tistory.com/16','http://roachblog.tistory.com/',''),(181,'https://www.google.co.kr/search?q=metro+%EA%B8%B0%EB%B3%B8+%EB%B0%94%ED%83%95%ED%99%94%EB%A9%B4&espv=2&source=lnms&sa=X&ei=t_z3U57NFZfc8AWBz4KgAg&ved=0CAUQ_AUoAA&biw=1600&bih=837&dpr=1#q=window8+metro','https://www.google.co.kr/',''),(182,'https://www.google.co.kr/search?q=metro+%EA%B8%B0%EB%B3%B8+%EB%B0%94%ED%83%95%ED%99%94%EB%A9%B4&espv=2&source=lnms&sa=X&ei=t_z3U57NFZfc8AWBz4KgAg&ved=0CAUQ_AUoAA&biw=1600&bih=837&dpr=1#q=window8+metro+css','https://www.google.co.kr/','https://www.google.co.kr/favicon.ico'),(183,'http://metroui.org.ua/','http://metroui.org.ua/',''),(184,'http://metroui.org.ua/template-news-portal.html','http://metroui.org.ua/',''),(185,'http://metroui.org.ua/examples.html','http://metroui.org.ua/',''),(186,'https://www.google.co.kr/webhp?sourceid=chrome-instant&ion=1&espv=2&es_th=1&ie=UTF-8#q=backgorund','https://www.google.co.kr/','https://www.google.co.kr/favicon.ico'),(187,'https://www.google.co.kr/webhp?sourceid=chrome-instant&ion=1&espv=2&es_th=1&ie=UTF-8#q=background','https://www.google.co.kr/','https://www.google.co.kr/favicon.ico'),(188,'https://www.google.co.kr/search?q=background&espv=2&source=lnms&tbm=isch&sa=X&ei=mP33U5uDEIvj8AWvo4AI&ved=0CAYQ_AUoAQ&biw=1600&bih=837','https://www.google.co.kr/','https://www.google.co.kr/favicon.ico'),(189,'https://www.google.co.kr/search?q=background&espv=2&source=lnms&tbm=isch&sa=X&ei=mP33U5uDEIvj8AWvo4AI&ved=0CAYQ_AUoAQ&biw=1600&bih=837#facrc=_&imgdii=_&imgrc=pwODfl7AnhDlrM%253A%3Bt28zReRWEz9yQM%3Bhttp%253A%252F%252Fwww.hdwallpapers.in%252Fwalls%252Fabstract_color_background_picture_8016-wide.jpg%3Bhttp%253A%252F%252Fwww.hdwallpapers.in%252Fabstract_color_background_picture_8016-wallpapers.html%3B1920%3B1200','https://www.google.co.kr/','https://www.google.co.kr/favicon.ico'),(190,'http://www.hdwallpapers.in/abstract_color_background_picture_8016-wallpapers.html','http://www.hdwallpapers.in/',''),(191,'http://www.hdwallpapers.in/walls/abstract_color_background_picture_8016-wide.jpg','http://www.hdwallpapers.in/','http://www.hdwallpapers.in/favicon.ico'),(192,'https://www.google.co.kr/webhp?sourceid=chrome-instant&ion=1&espv=2&es_th=1&ie=UTF-8#q=scroll%20pagination','https://www.google.co.kr/','https://www.google.co.kr/favicon.ico'),(193,'http://manos.malihu.gr/jquery-custom-content-scroller/','http://manos.malihu.gr/',''),(194,'http://manos.malihu.gr/category/plugins/','http://manos.malihu.gr/',''),(195,'https://mail.google.com/mail/u/0/','https://mail.google.com/','https://ssl.gstatic.com/ui/v1/icons/mail/images/favicon2.ico'),(196,'https://mail.google.com/mail/u/0/#inbox','https://mail.google.com/','https://ssl.gstatic.com/ui/v1/icons/mail/images/favicon2.ico'),(197,'https://www.google.co.kr/webhp?sourceid=chrome-instant&ion=1&espv=2&es_th=1&ie=UTF-8#q=scroll%20bar','https://www.google.co.kr/','https://www.google.co.kr/favicon.ico'),(198,'http://manos.malihu.gr/category/templates-web-apps/','http://manos.malihu.gr/',''),(199,'http://manos.malihu.gr/page-scroll-to-id/','http://manos.malihu.gr/',''),(200,'http://manos.malihu.gr/repository/custom-scrollbar/demo/examples/callbacks_example.html','http://manos.malihu.gr/',''),(201,'https://www.google.co.kr/webhp?sourceid=chrome-instant&ion=1&espv=2&es_th=1&ie=UTF-8#q=boxshadow','https://www.google.co.kr/','https://www.google.co.kr/favicon.ico'),(202,'http://api.jquery.com/slideUp/','http://api.jquery.com/','http://api.jquery.com/jquery-wp-content/themes/api.jquery.com/i/favicon.ico'),(203,'https://mail.google.com/mail/u/0/#category/promotions','https://mail.google.com/','https://ssl.gstatic.com/ui/v1/icons/mail/images/favicon2.ico'),(204,'https://mail.google.com/mail/u/0/#category/promotions/1480485878272e54','https://mail.google.com/','https://ssl.gstatic.com/ui/v1/icons/mail/images/favicon2.ico'),(205,'http://sports.news.naver.com/sports/index.nhn?category=baseball','http://sports.news.naver.com/','http://sports.news.naver.com/favicon.ico'),(206,'http://sports.news.naver.com/sports/index.nhn?category=baseball&ctg=news&mod=read&office_id=109&article_id=0002861560','http://sports.news.naver.com/','http://sports.news.naver.com/favicon.ico'),(207,'http://sports.news.naver.com/sports/index.nhn?category=worldbaseball','http://sports.news.naver.com/','http://sports.news.naver.com/favicon.ico'),(208,'http://sports.news.naver.com/sports/index.nhn?category=worldbaseball&ctg=news&mod=read&office_id=109&article_id=0002861501','http://sports.news.naver.com/','http://sports.news.naver.com/favicon.ico'),(209,'http://sports.news.naver.com/sports/index.nhn?category=worldbaseball&ctg=news&mod=read&office_id=144&article_id=0000268061','http://sports.news.naver.com/','http://sports.news.naver.com/favicon.ico'),(210,'https://www.facebook.com/v2.0/dialog/oauth?client_id=765318236833653&redirect_uri=https%3A%2F%2Fapps.facebook.com%2Fdemon-crusade&state=de5a6ff2efeac815e5da90f2952da364&sdk=php-sdk-63.0&scope=email','https://www.facebook.com/',''),(211,'https://www.facebook.com/v2.0/dialog/oauth?client_id=765318236833653&redirect_uri=https%3A%2F%2Fapps.facebook.com%2Fdemon-crusade&state=fecd95de70789dacfec97e78de321d2c&sdk=php-sdk-63.0&scope=email','https://www.facebook.com/','https://fbstatic-a.akamaihd.net/rsrc.php/yl/r/H3nktOa7ZMg.ico'),(212,'https://www.facebook.com/?ref=logo','https://www.facebook.com/',''),(213,'http://clashofclans.wikia.com/wiki/Clash_of_Clans_Wiki','http://clashofclans.wikia.com/',''),(214,'http://sports.news.naver.com/main/index.nhn','http://sports.news.naver.com/','http://sports.news.naver.com/favicon.ico'),(215,'http://clashofclans.wikia.com/wiki/Editing_Protocol','http://clashofclans.wikia.com/','http://img1.wikia.nocookie.net/__cb20140104204125/clashofclans/images/6/64/Favicon.ico'),(216,'http://sports.news.naver.com/sports/index.nhn?category=soccer','http://sports.news.naver.com/','http://sports.news.naver.com/favicon.ico'),(217,'http://sports.news.naver.com/sports/index.nhn?category=worldfootball','http://sports.news.naver.com/','http://sports.news.naver.com/favicon.ico'),(218,'http://search.naver.com/search.naver?where=nexearch&query=%EB%9D%BC%EB%AF%B8%EB%9E%80&sm=top_lve&ie=utf8','http://search.naver.com/','http://sstatic.naver.net/search/favicon/favicon_140327.ico'),(219,'http://news.naver.com/main/read.nhn?mode=LSD&mid=sec&sid1=106&oid=057&aid=0000438241','http://news.naver.com/',''),(220,'http://search.naver.com/search.naver?where=nexearch&query=%EB%A7%B9%EC%8A%B9%EC%A7%80&ie=utf8&sm=tab_lve','http://search.naver.com/','http://sstatic.naver.net/search/favicon/favicon_140327.ico'),(221,'http://news.naver.com/main/read.nhn?mode=LSD&mid=sec&sid1=106&oid=382&aid=0000250025','http://news.naver.com/','http://static.news.naver.net/image/news/2014/favicon/favicon.ico'),(222,'https://www.facebook.com/','https://www.facebook.com/','https://fbstatic-a.akamaihd.net/rsrc.php/yl/r/H3nktOa7ZMg.ico'),(223,'https://www.google.co.kr/webhp?sourceid=chrome-instant&ion=1&espv=2&es_th=1&ie=UTF-8#q=openg%20es','https://www.google.co.kr/','https://www.google.co.kr/favicon.ico'),(224,'https://www.google.co.kr/webhp?sourceid=chrome-instant&ion=1&espv=2&es_th=1&ie=UTF-8#q=opengl+es','https://www.google.co.kr/','https://www.google.co.kr/favicon.ico'),(225,'http://www.khronos.org/opengles/','http://www.khronos.org/',''),(226,'http://www.gamedevforever.com/94','http://www.gamedevforever.com/',''),(227,'https://developer.apple.com/library/ios/documentation/3ddrawing/conceptual/opengles_programmingguide/introduction/introduction.html','https://developer.apple.com/','https://developer.apple.com/favicon.ico'),(228,'https://www.google.co.kr/webhp?sourceid=chrome-instant&ion=1&espv=2&es_th=1&ie=UTF-8#q=javascript%20lowercase','https://www.google.co.kr/','https://www.google.co.kr/favicon.ico'),(229,'http://www.starbucks.com/menu','http://www.starbucks.com/','http://www.starbucks.com/static/images/favicon.ico'),(230,'https://www.webyog.com/customer/','https://www.webyog.com/',''),(231,'https://github.com/','https://github.com/','https://assets-cdn.github.com/favicon.ico'),(232,'https://github.com/Francis0121/dotori','https://github.com/','https://assets-cdn.github.com/favicon.ico'),(233,'https://github.com/Francis0121/dotori/issues','https://github.com/','https://assets-cdn.github.com/favicon.ico'),(234,'https://github.com/Francis0121/dotori/issues/1','https://github.com/','https://assets-cdn.github.com/favicon.ico'),(235,'https://github.com/Francis0121/dotori/issues/14','https://github.com/','https://assets-cdn.github.com/favicon.ico'),(236,'https://github.com/Francis0121/dotori/issues/13','https://github.com/','https://assets-cdn.github.com/favicon.ico'),(237,'https://cloud.githubusercontent.com/assets/3794501/4023822/6a45ea56-2ba8-11e4-9047-1bd1b921e99f.png','https://cloud.githubusercontent.com/','https://cloud.githubusercontent.com/favicon.ico'),(238,'http://stackoverflow.com/questions/154862/convert-javascript-string-to-be-all-lower-case','http://stackoverflow.com/','http://cdn.sstatic.net/stackoverflow/img/favicon.ico?v=038622610830'),(239,'https://www.google.co.kr/webhp?sourceid=chrome-instant&ion=1&espv=2&es_th=1&ie=UTF-8#q=scroll+pagination','https://www.google.co.kr/','https://www.google.co.kr/favicon.ico'),(240,'http://www.inserthtml.com/2013/01/scroll-pagination/','http://www.inserthtml.com/','http://www.inserthtml.com/favicon.ico'),(241,'https://www.google.co.kr/webhp?sourceid=chrome-instant&ion=1&espv=2&es_th=1&ie=UTF-8#q=google+analytics','https://www.google.co.kr/','https://www.google.co.kr/favicon.ico'),(242,'http://www.google.com/analytics/','http://www.google.com/',''),(243,'https://www.google.co.kr/webhp?sourceid=chrome-instant&ion=1&espv=2&es_th=1&ie=UTF-8#q=metro+ui+css','https://www.google.co.kr/','https://www.google.co.kr/favicon.ico'),(244,'https://www.google.co.kr/webhp?sourceid=chrome-instant&ion=1&espv=2&es_th=1&ie=UTF-8#q=metro+ui+template+by+thomas&revid=840641214','https://www.google.co.kr/','https://www.google.co.kr/favicon.ico'),(245,'http://regexr.com/','http://regexr.com/','http://regexr.com/regexrFavicon.ico'),(246,'https://www.google.co.kr/webhp?sourceid=chrome-instant&ion=1&espv=2&es_th=1&ie=UTF-8#q=%EC%A0%95%EA%B7%9C%ED%91%9C%ED%98%84%EC%8B%9D','https://www.google.co.kr/','https://www.google.co.kr/favicon.ico'),(247,'https://www.google.co.kr/webhp?sourceid=chrome-instant&ion=1&espv=2&es_th=1&ie=UTF-8#q=metro+ui+css+template&revid=1010655525','https://www.google.co.kr/','https://www.google.co.kr/favicon.ico'),(248,'https://www.google.co.kr/webhp?sourceid=chrome-instant&ion=1&espv=2&es_th=1&ie=UTF8#q=metro+ui+css+template&revid=1010655525','https://www.google.co.kr/','https://www.google.co.kr/favicon.ico'),(249,'https://www.google.co.kr/?gws_rd=ssl#newwindow=1&q=anything','https://www.google.co.kr/','https://www.google.co.kr/favicon.ico'),(250,'https://www.google.co.kr/?gws_rd=ssl#newwindow=1&q=google+translate&revid=-1','https://www.google.co.kr/','https://www.google.co.kr/favicon.ico'),(251,'http://search.naver.com/search.naver?where=nexearch&query=%EA%B5%AD%EC%84%B8%EC%B2%AD+%ED%99%98%EA%B8%89%EA%B8%88%EC%A1%B0%ED%9A%8C&sm=top_lve&ie=utf8','http://search.naver.com/','http://sstatic.naver.net/search/favicon/favicon_140327.ico'),(252,'https://www.google.co.kr/webhp?sourceid=chrome-instant&ion=1&espv=2&es_th=1&ie=UTF-8#q=%EA%B5%AD%EC%84%B8%EC%B2%AD+%ED%99%98%EA%B8%89%EA%B8%88%EC%A1%B0%ED%9A%8C','https://www.google.co.kr/','https://www.google.co.kr/favicon.ico'),(253,'https://www.yahoo.com/','https://www.yahoo.com/',''),(254,'https://search.yahoo.com/search;_ylt=Aph2AwXVSiJqeg9lX.bGuVSbvZx4?p=opengl+es+2.0&toggle=1&cop=mss&ei=UTF-8&fr=yfp-t-901&fp=1','https://search.yahoo.com/',''),(255,'http://search.daum.net/search?w=tot&DA=YZR&t__nil_searchbox=btn&sug=&o=&q=%EA%B5%AD%EC%84%B8%EC%B2%AD+%ED%99%98%EA%B8%89%EA%B8%88%EC%A1%B0%ED%9A%8C','http://search.daum.net/','http://search.daum.net/favicon.ico'),(256,'http://www.nate.com/','http://www.nate.com/','http://www.nate.com/favicon.ico'),(257,'http://search.daum.net/nate?thr=sbma&w=tot&q=%EA%B5%AD%EC%84%B8%EC%B2%AD+%ED%99%98%EA%B8%89%EA%B8%88%EC%A1%B0%ED%9A%8C','http://search.daum.net/','http://www.nate.com/favicon.ico'),(258,'http://search.daum.net/bing?w=tot&q=bing','http://search.daum.net/','http://search.daum.net/favicon.ico'),(259,'http://search.daum.net/bing?nil_suggest=btn&w=tot&DA=SBCO&q=%EA%B5%AD%EC%84%B8%EC%B2%AD+%ED%99%98%EA%B8%89%EA%B8%88%EC%A1%B0%ED%9A%8C','http://search.daum.net/','http://search.daum.net/favicon.ico'),(260,'http://search.naver.com/search.naver?sm=tab_hty.top&where=nexearch&ie=utf8&query=metro+ui+css+template&x=0&y=0','http://search.naver.com/','http://sstatic.naver.net/search/favicon/favicon_140327.ico'),(261,'https://search.yahoo.com/search;_ylt=A0SO801YePpT4ZkAc3NXNyoA;_ylc=X1MDMjc2NjY3OQRfcgMyBGJjawNiNzhkMnJoOWRwbmdhJTI2YiUzRDMlMjZzJTNEZ3QEZnIDeWZwLXQtOTAxBGdwcmlkA2lhOEhENFFYU3JtU3lXQU5MV2FrNkEEbXRlc3RpZANTV0lNJTNEU01FMzM5BG5fcnNsdAMxMARuX3N1Z2cDNARvcmlnaW4Dc2VhcmNoLnlhaG9vLmNvbQRwb3MDMARwcXN0cgMEcHFzdHJsAwRxc3RybAMyMQRxdWVyeQNtZXRybyB1aSBjc3MgdGVtcGxhdGUEdF9zdG1wAzE0MDg5MjQ0MDkEdnRlc3RpZANTTUUzMzk-?gprid=ia8HD4QXSrmSyWANLWak6A&pvid=I6VRGzIwOC6zoaLcUtzeCgd_MTEyLgAAAACez7Vt&p=metro+ui+css+template&fr2=sb-top-search&fr=yfp-t-901','https://search.yahoo.com/','https://search.yahoo.com/favicon.ico'),(262,'http://search.daum.net/search?nil_suggest=btn&w=tot&DA=SBCO&q=metro+ui+css+template','http://search.daum.net/','http://search.daum.net/favicon.ico'),(263,'http://search.daum.net/nate?nil_suggest=btn&w=tot&DA=SBCO&q=metro+ui+css+template','http://search.daum.net/','http://www.nate.com/favicon.ico'),(264,'http://search.daum.net/bing?nil_suggest=btn&w=tot&DA=SBCO&q=metro+ui+css+template','http://search.daum.net/','http://search.daum.net/favicon.ico'),(265,'https://github.com/Francis0121/dotori/issues/11','https://github.com/','https://assets-cdn.github.com/favicon.ico'),(266,'https://mail.google.com/mail/u/0/#inbox/147f9f1d14572796','https://mail.google.com/','https://ssl.gstatic.com/ui/v1/icons/mail/images/favicon2.ico'),(267,'http://portal.sungshin.ac.kr/','http://portal.sungshin.ac.kr/',''),(268,'http://portal.sungshin.ac.kr/web/10145/1','http://portal.sungshin.ac.kr/',''),(269,'http://acm.sungshin.ac.kr/proweb/sso_agent.jsp','http://acm.sungshin.ac.kr/',''),(270,'http://acm.sungshin.ac.kr/proweb/pwdmain.jsp','http://acm.sungshin.ac.kr/',''),(271,'http://acm.sungshin.ac.kr/proweb/install/help/online_help_guide_3.htm','http://acm.sungshin.ac.kr/','http://acm.sungshin.ac.kr/favicon.ico'),(272,'https://www.google.co.kr/webhp?sourceid=chrome-instant&ion=1&espv=2&es_th=1&ie=UTF-8#q=domain%20%EC%9D%B4%EB%A6%84%EB%A7%8C%20%EC%B6%94%EC%B6%9C%ED%95%98%EA%B8%B0','https://www.google.co.kr/','https://www.google.co.kr/favicon.ico'),(273,'https://kldp.org/node/135629','https://kldp.org/','https://kldp.org/files/bluemarine_favicon.png'),(274,'https://www.google.co.kr/webhp?sourceid=chrome-instant&ion=1&espv=2&es_th=1&ie=UTF-8#q=2%EC%B0%A8+%EB%8F%84%EB%A9%94%EC%9D%B8+%EC%B6%94%EC%B6%9C','https://www.google.co.kr/','https://www.google.co.kr/favicon.ico'),(275,'http://www.visitworld.co.kr/bbs/?tip_preg=36','http://www.visitworld.co.kr/',''),(276,'https://www.google.co.kr/webhp?sourceid=chrome-instant&ion=1&espv=2&es_th=1&ie=UTF-8#q=%EC%A0%95%EA%B7%9C%EC%8B%9D+%EB%8F%84%EB%A9%94%EC%9D%B8+%EC%B6%94%EC%B6%9C&revid=878985862','https://www.google.co.kr/','https://www.google.co.kr/favicon.ico'),(277,'http://asrada2001.tistory.com/220','http://asrada2001.tistory.com/',''),(278,'http://makebyme.tistory.com/46','http://makebyme.tistory.com/',''),(279,'https://www.google.co.kr/webhp?sourceid=chrome-instant&ion=1&espv=2&es_th=1&ie=UTF-8#q=domain+export','https://www.google.co.kr/','https://www.google.co.kr/favicon.ico'),(280,'https://www.google.co.kr/webhp?sourceid=chrome-instant&ion=1&espv=2&es_th=1&ie=UTF-8#q=domain+%EC%B6%94%EC%B6%9C%ED%95%98%EA%B8%B0','https://www.google.co.kr/','https://www.google.co.kr/favicon.ico'),(281,'http://anysoft.co.kr/bbs/board.php?bo_table=dev&wr_id=58','http://anysoft.co.kr/',''),(282,'https://www.google.co.kr/webhp?sourceid=chrome-instant&ion=1&espv=2&es_th=1&ie=UTF-8#q=domain+%EC%B6%94%EC%B6%9C','https://www.google.co.kr/','https://www.google.co.kr/favicon.ico'),(283,'http://okkks.tistory.com/924','http://okkks.tistory.com/',''),(284,'https://www.google.co.kr/webhp?sourceid=chrome-instant&ion=1&espv=2&es_th=1&ie=UTF-8#q=domain+%EC%B6%94%EC%B6%9C&start=10','https://www.google.co.kr/','https://www.google.co.kr/favicon.ico'),(285,'https://www.google.co.kr/webhp?sourceid=chrome-instant&ion=1&espv=2&es_th=1&ie=UTF-8#q=%EC%A0%95%EA%B7%9C%EC%8B%9D+%EB%8F%84%EB%A9%94%EC%9D%B8+%EC%B6%94%EC%B6%9C','https://www.google.co.kr/','https://www.google.co.kr/favicon.ico'),(286,'https://www.google.co.kr/webhp?sourceid=chrome-instant&ion=1&espv=2&es_th=1&ie=UTF-8#q=%EC%A0%95%EA%B7%9C%EC%8B%9D+2%EC%B0%A8+%EB%8F%84%EB%A9%94%EC%9D%B8+%EC%B6%94%EC%B6%9C','https://www.google.co.kr/','https://www.google.co.kr/favicon.ico'),(287,'https://www.google.co.kr/webhp?sourceid=chrome-instant&ion=1&espv=2&es_th=1&ie=UTF-8#q=%EC%A0%95%EA%B7%9C%EC%8B%9D+2%EC%B0%A8+%EB%8F%84%EB%A9%94%EC%9D%B8+%EC%B6%94%EC%B6%9C&start=10','https://www.google.co.kr/','https://www.google.co.kr/favicon.ico'),(288,'https://www.google.co.kr/webhp?sourceid=chrome-instant&ion=1&espv=2&es_th=1&ie=UTF-8#q=domain%20%EC%B6%94%EC%B6%9C','https://www.google.co.kr/','https://www.google.co.kr/favicon.ico'),(289,'http://archives.nooree.com/blog/post.cfm/domain-name-host-organization','http://archives.nooree.com/',''),(290,'https://github.com/Francis0121/dotori/issues/6','https://github.com/','https://assets-cdn.github.com/favicon.ico'),(291,'https://github.com/Francis0121/dotori/issues/7','https://github.com/','https://assets-cdn.github.com/favicon.ico'),(292,'https://cloud.githubusercontent.com/assets/3794501/4026051/923a2c5c-2c0c-11e4-84cf-488579469cfa.png','https://cloud.githubusercontent.com/','https://cloud.githubusercontent.com/favicon.ico'),(293,'https://translate.google.co.kr/','https://translate.google.co.kr/','https://translate.google.co.kr/favicon.ico'),(294,'https://translate.google.co.kr/#en/ko/%EC%B6%94%EC%B6%9C','https://translate.google.co.kr/','https://translate.google.co.kr/favicon.ico'),(295,'https://translate.google.co.kr/#ko/en/%EC%B6%94%EC%B6%9C','https://translate.google.co.kr/','https://translate.google.co.kr/favicon.ico'),(296,'https://www.google.co.kr/webhp?sourceid=chrome-instant&ion=1&espv=2&es_th=1&ie=UTF-8#q=input%20type%20check%20event','https://www.google.co.kr/','https://www.google.co.kr/favicon.ico'),(297,'http://stackoverflow.com/questions/1455223/catch-checked-change-event-of-a-checkbox','http://stackoverflow.com/','http://cdn.sstatic.net/stackoverflow/img/favicon.ico?v=038622610830'),(298,'https://www.google.co.kr/webhp?sourceid=chrome-instant&ion=1&espv=2&es_th=1&ie=UTF-8#q=Hex%20workshop%204.23','https://www.google.co.kr/','https://www.google.co.kr/favicon.ico'),(299,'http://search.naver.com/search.naver?where=nexearch&query=%EA%B9%80%EC%A3%BC%ED%95%98&sm=top_lve&ie=utf8','http://search.naver.com/','http://sstatic.naver.net/search/favicon/favicon_140327.ico'),(300,'http://sports.news.naver.com/sports/index.nhn?category=baseball&ctg=news&mod=read&office_id=117&article_id=0002501407','http://sports.news.naver.com/','http://sports.news.naver.com/favicon.ico'),(301,'http://sports.news.naver.com/sports/index.nhn?category=baseball&ctg=news&mod=read&office_id=056&article_id=0010063777','http://sports.news.naver.com/','http://sports.news.naver.com/favicon.ico'),(302,'http://www.peoplegate.net/','http://www.peoplegate.net/','http://www.peoplegate.net/images/favicon.ico'),(303,'http://www.peoplegate.net/#goal','http://www.peoplegate.net/','http://www.peoplegate.net/images/favicon.ico'),(304,'http://www.peoplegate.net/#service','http://www.peoplegate.net/','http://www.peoplegate.net/images/favicon.ico'),(305,'http://www.peoplegate.net/#concert','http://www.peoplegate.net/','http://www.peoplegate.net/images/favicon.ico'),(306,'http://www.peoplegate.net/#owner','http://www.peoplegate.net/','http://www.peoplegate.net/images/favicon.ico'),(307,'http://www.peoplegate.net/#contact','http://www.peoplegate.net/','http://www.peoplegate.net/images/favicon.ico'),(308,'http://www.peoplegate.net/boards','http://www.peoplegate.net/','http://www.peoplegate.net/images/favicon.ico'),(309,'http://www.peoplegate.net/question','http://www.peoplegate.net/','http://www.peoplegate.net/images/favicon.ico'),(310,'http://www.peoplegate.net/partnership','http://www.peoplegate.net/','http://www.peoplegate.net/images/favicon.ico'),(311,'http://www.peoplegate.net/terms','http://www.peoplegate.net/','http://www.peoplegate.net/images/favicon.ico'),(312,'http://www.peoplegate.net/press','http://www.peoplegate.net/','http://www.peoplegate.net/images/favicon.ico'),(313,'http://www.peoplegate.net/team','http://www.peoplegate.net/','http://www.peoplegate.net/images/favicon.ico'),(314,'http://www.peoplegate.net/concert','http://www.peoplegate.net/','http://www.peoplegate.net/images/favicon.ico'),(315,'http://www.peoplegate.net/company','http://www.peoplegate.net/','http://www.peoplegate.net/images/favicon.ico'),(316,'http://sports.news.naver.com/sports/index.nhn?category=baseball&ctg=news&mod=read&office_id=117&article_id=0002501449','http://sports.news.naver.com/','http://sports.news.naver.com/favicon.ico'),(317,'https://www.facebook.com/selphoneselphone/photos/pcb.305040356341829/305040239675174/?type=1&theater','https://www.facebook.com/','https://fbstatic-a.akamaihd.net/rsrc.php/yl/r/H3nktOa7ZMg.ico'),(318,'https://www.facebook.com/selphoneselphone/photos/pcb.305040356341829/305039973008534/?type=1&theater','https://www.facebook.com/','https://fbstatic-a.akamaihd.net/rsrc.php/yl/r/H3nktOa7ZMg.ico'),(319,'https://www.facebook.com/selphoneselphone/photos/pcb.305040356341829/305040133008518/?type=1&theater','https://www.facebook.com/','https://fbstatic-a.akamaihd.net/rsrc.php/yl/r/H3nktOa7ZMg.ico'),(320,'https://www.facebook.com/selphoneselphone/photos/pcb.305040356341829/305039733008558/?type=1&theater','https://www.facebook.com/','https://fbstatic-a.akamaihd.net/rsrc.php/yl/r/H3nktOa7ZMg.ico'),(321,'https://www.facebook.com/selphoneselphone/photos/pcb.305040356341829/305040196341845/?type=1&theater','https://www.facebook.com/','https://fbstatic-a.akamaihd.net/rsrc.php/yl/r/H3nktOa7ZMg.ico'),(322,'https://www.facebook.com/selphoneselphone/photos/pcb.305040356341829/305039953008536/?type=1&theater','https://www.facebook.com/','https://fbstatic-a.akamaihd.net/rsrc.php/yl/r/H3nktOa7ZMg.ico'),(323,'https://www.facebook.com/selphoneselphone/photos/pcb.305040356341829/305040259675172/?type=1&theater','https://www.facebook.com/','https://fbstatic-a.akamaihd.net/rsrc.php/yl/r/H3nktOa7ZMg.ico'),(324,'https://github.com/Francis0121/dotori/issues/15','https://github.com/','https://assets-cdn.github.com/favicon.ico'),(325,'https://github.com/Francis0121/dotori/issues/new','https://github.com/','https://assets-cdn.github.com/favicon.ico'),(326,'https://github.com/Francis0121/dotori/issues/16','https://github.com/','https://assets-cdn.github.com/favicon.ico'),(327,'https://github.com/Francis0121/dotori/issues/17','https://github.com/','https://assets-cdn.github.com/favicon.ico'),(328,'https://github.com/Francis0121/dotori/issues/18','https://github.com/','https://assets-cdn.github.com/favicon.ico'),(329,'https://github.com/Francis0121/dotori/issues/19','https://github.com/','https://assets-cdn.github.com/favicon.ico'),(330,'https://www.google.co.kr/webhp?sourceid=chrome-instant&ion=1&espv=2&es_th=1&ie=UTF-8#q=java%20image%20load%20from%20url','https://www.google.co.kr/','https://www.google.co.kr/favicon.ico'),(331,'http://stackoverflow.com/questions/926938/how-to-load-a-image-from-web-in-java','http://stackoverflow.com/','http://cdn.sstatic.net/stackoverflow/img/favicon.ico?v=038622610830'),(332,'http://stackoverflow.com/questions/3986891/how-can-i-read-image-from-url-in-java','http://stackoverflow.com/','http://cdn.sstatic.net/stackoverflow/img/favicon.ico?v=038622610830'),(333,'https://www.google.co.kr/webhp?sourceid=chrome-instant&ion=1&espv=2&es_th=1&ie=UTF-8#q=java%20image%20pixel%20value','https://www.google.co.kr/','https://www.google.co.kr/favicon.ico'),(334,'http://stackoverflow.com/questions/1604319/getting-pixel-data-from-an-image-using-java','http://stackoverflow.com/','http://cdn.sstatic.net/stackoverflow/img/favicon.ico?v=038622610830'),(335,'http://me.epril.net/','http://me.epril.net/','http://blog.naver.com/favicon.ico'),(336,'https://docs.google.com/uc?id=0B3TUepjmKjiXd0RCaTNYdWV2UlU&export=download','https://docs.google.com/','https://ssl.gstatic.com/docs/doclist/images/infinite_arrow_favicon_4.ico'),(337,'https://docs.google.com/uc?id=0B3TUepjmKjiXaGdfUHNkeWJQV0k&export=download','https://docs.google.com/','https://ssl.gstatic.com/docs/doclist/images/infinite_arrow_favicon_4.ico'),(338,'https://docs.google.com/uc?id=0B3TUepjmKjiXTm9pbjFfTEJEZEU&export=download','https://docs.google.com/','https://ssl.gstatic.com/docs/doclist/images/infinite_arrow_favicon_4.ico'),(339,'https://www.google.co.kr/webhp?sourceid=chrome-instant&ion=1&espv=2&es_th=1&ie=UTF-8#q=src%20%EC%B6%94%EC%B6%9C','https://www.google.co.kr/','https://www.google.co.kr/favicon.ico'),(340,'http://www.phpschool.com/gnuboard4/bbs/board.php?bo_table=qna_function&wr_id=233012','http://www.phpschool.com/','http://www.phpschool.com/favicon.ico'),(341,'https://www.google.co.kr/webhp?sourceid=chrome-instant&ion=1&espv=2&es_th=1&ie=UTF-8#q=src+%EC%B6%94%EC%B6%9C+javascript','https://www.google.co.kr/','https://www.google.co.kr/favicon.ico'),(342,'http://sir.co.kr/bbs/board.php?bo_table=pg_tip&wr_id=11910','http://sir.co.kr/','http://sir.co.kr/favicon.ico'),(343,'http://lovapi.tistory.com/135','http://lovapi.tistory.com/',''),(344,'http://okjsp.net/seq/119345#1408964557235','http://okjsp.net/','http://okjsp.net/favicon.ico'),(345,'http://ncube.net/8643','http://ncube.net/',''),(351,'http://sexy.pe.kr/tc/532','http://sexy.pe.kr/','http://sexy.pe.kr/tc/favicon.ico'),(352,'https://www.google.co.kr/webhp?sourceid=chrome-instant&ion=1&espv=2&es_th=1&ie=UTF-8#q=application%20bean%20get%20java','https://www.google.co.kr/','https://www.google.co.kr/favicon.ico'),(353,'https://www.google.co.kr/webhp?sourceid=chrome-instant&ion=1&espv=2&es_th=1&ie=UTF-8#q=java+spring+get+bean+from+applicationcontext','https://www.google.co.kr/','https://www.google.co.kr/favicon.ico'),(354,'http://stackoverflow.com/questions/129207/getting-spring-application-context','http://stackoverflow.com/','http://cdn.sstatic.net/stackoverflow/img/favicon.ico?v=038622610830'),(355,'http://sports.news.naver.com/sports/index.nhn?category=baseball&ctg=news&mod=read&office_id=109&article_id=0002862686','http://sports.news.naver.com/','http://sports.news.naver.com/favicon.ico'),(356,'https://www.google.co.kr/webhp?sourceid=chrome-instant&ion=1&espv=2&es_th=1&ie=UTF-8#q=%EB%85%B8%EB%9E%91%EC%83%89%20%EC%9D%B4%EB%AF%B8%EC%A7%80','https://www.google.co.kr/','https://www.google.co.kr/favicon.ico'),(357,'https://www.google.co.kr/search?q=%EB%85%B8%EB%9E%80%EC%83%89+%EC%9D%B4%EB%AF%B8%EC%A7%80&espv=2&source=lnms&tbm=isch&sa=X&ei=yT_7U8P4M4vf8AWC7IKwDA&ved=0CAYQ_AUoAQ&biw=1600&bih=837','https://www.google.co.kr/','https://www.google.co.kr/favicon.ico'),(358,'https://www.google.co.kr/search?q=%EB%85%B8%EB%9E%80%EC%83%89+%EC%9D%B4%EB%AF%B8%EC%A7%80&espv=2&source=lnms&tbm=isch&sa=X&ei=yT_7U8P4M4vf8AWC7IKwDA&ved=0CAYQ_AUoAQ&biw=1600&bih=837#facrc=_&imgdii=_&imgrc=pm4g1OlyLyJB6M%253A%3BVFjJlbeLVEt_DM%3Bhttp%253A%252F%252Fcfs8.tistory.com%252Fupload_control%252Fdownload.blog%253Ffhandle%253DYmxvZzE4Mzk5M0BmczgudGlzdG9yeS5jb206L2F0dGFjaC8zLzM5OC5KUEc%25253D%3Bhttp%253A%252F%252Fdongnae.tistory.com%252F215%3B540%3B405','https://www.google.co.kr/','https://www.google.co.kr/favicon.ico'),(359,'http://dongnae.tistory.com/215','http://dongnae.tistory.com/',''),(360,'https://kr.dnsever.com/index.html','https://kr.dnsever.com/',''),(361,'https://kr.dnsever.com/start.html','https://kr.dnsever.com/',''),(362,'https://kr.dnsever.com/start.html','https://kr.dnsever.com/',''),(363,'https://kr.dnsever.com/start.html?user_domain=epril.net&selected_menu=viewzone','https://kr.dnsever.com/',''),(364,'https://kr.dnsever.com/start.html?user_domain=epril.net&selected_menu=editddns','https://kr.dnsever.com/','');

UNLOCK TABLES;

/*Table structure for table `parsing_visit` */

DROP TABLE IF EXISTS `parsing_visit`;

CREATE TABLE `parsing_visit` (
  `pn` int(11) NOT NULL AUTO_INCREMENT COMMENT '방문날짜 고유번호',
  `url_pn` int(11) NOT NULL COMMENT 'URL 고유번호',
  `user_pn` int(11) NOT NULL COMMENT '사용자 고유번호',
  `register_date` timestamp NOT NULL DEFAULT CURRENT_TIMESTAMP ON UPDATE CURRENT_TIMESTAMP COMMENT '등록날짜',
  PRIMARY KEY (`pn`),
  KEY `url_pn` (`url_pn`),
  KEY `user_pn` (`user_pn`),
  CONSTRAINT `parsing_visit_ibfk_1` FOREIGN KEY (`url_pn`) REFERENCES `parsing_url` (`pn`) ON UPDATE NO ACTION,
  CONSTRAINT `parsing_visit_ibfk_2` FOREIGN KEY (`user_pn`) REFERENCES `user` (`pn`) ON DELETE CASCADE
) ENGINE=InnoDB AUTO_INCREMENT=917 DEFAULT CHARSET=utf8;

/*Data for the table `parsing_visit` */

LOCK TABLES `parsing_visit` WRITE;

insert  into `parsing_visit`(`pn`,`url_pn`,`user_pn`,`register_date`) values (292,126,2,'2014-08-04 09:11:36'),(293,126,2,'2014-08-05 09:14:58'),(294,126,2,'2014-08-06 09:15:00'),(295,127,2,'2014-08-07 09:15:51'),(296,127,2,'2014-08-08 09:15:52'),(297,127,2,'2014-08-09 09:15:59'),(298,128,2,'2014-08-10 09:16:08'),(299,128,2,'2014-08-11 09:16:16'),(300,128,2,'2014-08-12 09:16:19'),(301,128,2,'2014-08-13 09:16:20'),(302,129,2,'2014-08-14 09:16:34'),(303,130,2,'2014-08-15 09:16:37'),(304,130,2,'2014-08-16 09:17:50'),(305,130,2,'2014-08-17 09:17:51'),(306,130,2,'2014-08-18 09:17:52'),(307,127,2,'2014-08-19 09:46:42'),(308,131,2,'2014-08-20 09:46:45'),(309,131,2,'2014-08-21 09:46:47'),(310,131,2,'2014-08-22 09:46:48'),(311,132,2,'2014-08-23 09:47:00'),(312,132,2,'2014-08-23 09:47:03'),(313,132,2,'2014-08-23 09:47:04'),(314,133,2,'2014-08-23 09:47:21'),(315,133,2,'2014-08-23 09:47:32'),(316,133,2,'2014-08-23 09:47:37'),(317,134,2,'2014-08-23 09:48:19'),(318,134,2,'2014-08-23 09:48:25'),(319,134,2,'2014-08-23 09:48:50'),(320,133,2,'2014-08-23 09:48:56'),(321,135,2,'2014-08-23 09:49:03'),(322,135,2,'2014-08-23 09:49:07'),(323,135,2,'2014-08-23 09:49:10'),(324,135,2,'2014-08-23 09:49:13'),(325,133,2,'2014-08-23 09:52:20'),(326,136,2,'2014-08-23 09:52:30'),(327,137,2,'2014-08-23 09:52:34'),(328,136,2,'2014-08-23 09:52:46'),(329,137,2,'2014-08-23 09:52:47'),(330,137,2,'2014-08-23 09:52:47'),(331,137,2,'2014-08-23 09:52:47'),(332,137,2,'2014-08-23 09:53:33'),(333,138,2,'2014-08-23 10:09:06'),(334,138,2,'2014-08-23 10:27:25'),(335,138,2,'2014-08-23 10:43:30'),(336,139,2,'2014-08-23 10:47:04'),(337,140,2,'2014-08-23 10:47:08'),(338,141,2,'2014-08-23 10:47:10'),(339,142,2,'2014-08-23 10:47:21'),(340,142,2,'2014-08-23 10:47:21'),(341,142,2,'2014-08-23 10:47:21'),(342,143,2,'2014-08-23 10:47:27'),(343,143,2,'2014-08-23 10:47:27'),(344,142,2,'2014-08-23 10:47:38'),(345,142,2,'2014-08-23 10:47:38'),(346,138,2,'2014-08-23 10:54:32'),(347,144,2,'2014-08-23 10:56:45'),(348,145,2,'2014-08-23 10:56:51'),(349,146,2,'2014-08-23 10:57:00'),(350,147,2,'2014-08-23 10:57:19'),(351,147,2,'2014-08-23 10:57:19'),(352,148,2,'2014-08-23 10:57:25'),(353,149,2,'2014-08-23 10:57:35'),(354,150,2,'2014-08-23 10:57:52'),(355,138,2,'2014-08-23 11:04:31'),(356,151,2,'2014-08-23 11:06:24'),(357,152,2,'2014-08-23 11:08:28'),(358,153,2,'2014-08-23 11:08:32'),(359,154,2,'2014-08-23 11:08:32'),(360,154,2,'2014-08-23 11:08:33'),(361,154,2,'2014-08-23 11:08:33'),(362,155,2,'2014-08-23 11:08:35'),(363,156,2,'2014-08-23 11:08:45'),(364,157,2,'2014-08-23 11:08:47'),(365,154,2,'2014-08-23 11:09:02'),(366,154,2,'2014-08-23 11:09:02'),(367,158,2,'2014-08-23 11:09:31'),(368,159,2,'2014-08-23 11:09:37'),(369,160,2,'2014-08-23 11:09:43'),(370,152,2,'2014-08-23 11:10:12'),(371,161,2,'2014-08-23 11:10:15'),(372,162,2,'2014-08-23 11:10:23'),(373,162,2,'2014-08-23 11:10:23'),(374,162,2,'2014-08-23 11:10:23'),(375,163,2,'2014-08-23 11:10:27'),(376,164,2,'2014-08-23 11:18:13'),(377,165,2,'2014-08-23 11:18:17'),(378,166,2,'2014-08-23 11:21:31'),(379,167,2,'2014-08-23 11:21:35'),(380,168,2,'2014-08-23 11:22:05'),(381,169,2,'2014-08-23 11:23:00'),(382,170,2,'2014-08-23 11:23:08'),(383,170,2,'2014-08-23 11:23:08'),(384,170,2,'2014-08-23 11:23:09'),(385,171,2,'2014-08-23 11:23:15'),(386,172,2,'2014-08-23 11:23:24'),(387,173,2,'2014-08-23 11:23:28'),(388,174,2,'2014-08-23 11:23:31'),(389,175,2,'2014-08-23 11:23:42'),(390,174,2,'2014-08-23 11:29:39'),(391,176,2,'2014-08-23 11:30:06'),(392,177,2,'2014-08-23 11:30:09'),(393,178,2,'2014-08-23 11:30:16'),(394,179,2,'2014-08-23 11:30:21'),(395,178,2,'2014-08-23 11:30:34'),(396,180,2,'2014-08-23 11:30:41'),(397,178,2,'2014-08-23 11:30:44'),(398,181,2,'2014-08-23 11:30:49'),(399,181,2,'2014-08-23 11:30:54'),(400,181,2,'2014-08-23 11:31:00'),(401,182,2,'2014-08-23 11:31:03'),(402,182,2,'2014-08-23 11:31:11'),(403,183,2,'2014-08-23 11:31:18'),(404,183,2,'2014-08-23 11:31:22'),(405,184,2,'2014-08-23 11:31:28'),(406,183,2,'2014-08-23 11:31:37'),(407,185,2,'2014-08-23 11:31:50'),(408,186,2,'2014-08-23 11:33:47'),(409,187,2,'2014-08-23 11:33:51'),(410,188,2,'2014-08-23 11:33:54'),(411,189,2,'2014-08-23 11:34:31'),(412,189,2,'2014-08-23 11:34:31'),(413,189,2,'2014-08-23 11:34:32'),(414,190,2,'2014-08-23 11:34:35'),(415,191,2,'2014-08-23 11:34:42'),(416,192,2,'2014-08-23 12:07:22'),(417,193,2,'2014-08-23 12:07:48'),(418,194,2,'2014-08-23 12:07:50'),(419,193,2,'2014-08-23 12:08:02'),(420,195,2,'2014-08-24 13:45:48'),(421,196,2,'2014-08-24 13:45:51'),(422,197,2,'2014-08-24 13:53:16'),(423,193,2,'2014-08-24 13:53:29'),(424,198,2,'2014-08-24 13:53:31'),(425,194,2,'2014-08-24 13:53:38'),(426,199,2,'2014-08-24 13:53:51'),(427,194,2,'2014-08-24 13:54:27'),(428,193,2,'2014-08-24 13:54:36'),(429,200,2,'2014-08-24 13:55:18'),(430,201,2,'2014-08-24 14:26:27'),(431,165,2,'2014-08-24 14:26:31'),(432,201,2,'2014-08-24 14:27:58'),(433,165,2,'2014-08-24 14:28:00'),(434,202,2,'2014-08-24 14:33:15'),(435,196,2,'2014-08-24 15:52:30'),(436,203,2,'2014-08-24 15:52:40'),(437,204,2,'2014-08-24 15:52:44'),(438,127,2,'2014-08-24 15:52:47'),(439,205,2,'2014-08-24 15:54:06'),(440,206,2,'2014-08-24 15:54:19'),(441,205,2,'2014-08-24 15:55:14'),(442,207,2,'2014-08-24 15:55:30'),(443,208,2,'2014-08-24 15:55:33'),(444,207,2,'2014-08-24 15:56:08'),(445,209,2,'2014-08-24 15:56:13'),(446,210,2,'2014-08-24 19:34:49'),(447,210,2,'2014-08-24 19:34:50'),(448,211,2,'2014-08-24 19:34:54'),(449,211,2,'2014-08-24 19:34:54'),(450,211,2,'2014-08-24 19:34:54'),(451,212,2,'2014-08-24 19:35:03'),(452,213,2,'2014-08-24 19:35:15'),(453,127,2,'2014-08-24 19:36:23'),(454,214,2,'2014-08-24 19:36:26'),(455,205,2,'2014-08-24 19:36:26'),(456,215,2,'2014-08-24 19:36:29'),(457,207,2,'2014-08-24 19:36:40'),(458,216,2,'2014-08-24 19:36:41'),(459,217,2,'2014-08-24 19:36:42'),(460,216,2,'2014-08-24 19:36:48'),(461,207,2,'2014-08-24 19:36:50'),(462,127,2,'2014-08-24 19:36:51'),(463,218,2,'2014-08-24 19:36:54'),(464,219,2,'2014-08-24 19:37:04'),(465,220,2,'2014-08-24 19:37:28'),(466,221,2,'2014-08-24 19:37:33'),(467,222,2,'2014-08-24 19:38:01'),(468,223,2,'2014-08-24 20:05:34'),(469,224,2,'2014-08-24 20:06:44'),(470,225,2,'2014-08-24 20:07:16'),(471,224,2,'2014-08-24 20:07:46'),(472,226,2,'2014-08-24 20:07:57'),(473,224,2,'2014-08-24 20:08:17'),(474,227,2,'2014-08-24 20:08:23'),(475,227,2,'2014-08-24 20:49:19'),(476,228,2,'2014-08-24 21:28:49'),(477,229,2,'2014-08-24 21:31:41'),(478,230,2,'2014-08-24 21:32:55'),(479,132,2,'2014-08-25 00:21:56'),(480,217,2,'2014-08-25 00:22:16'),(481,180,2,'2014-08-25 00:23:38'),(482,130,2,'2014-08-25 00:24:17'),(483,231,2,'2014-08-25 00:27:19'),(484,232,2,'2014-08-25 00:27:22'),(485,233,2,'2014-08-25 00:27:25'),(486,234,2,'2014-08-25 00:27:30'),(487,234,2,'2014-08-25 00:27:30'),(488,234,2,'2014-08-25 00:27:31'),(489,233,2,'2014-08-25 00:27:35'),(490,235,2,'2014-08-25 00:27:39'),(491,235,2,'2014-08-25 00:27:39'),(492,235,2,'2014-08-25 00:32:04'),(493,235,2,'2014-08-25 00:32:04'),(494,232,2,'2014-08-25 00:32:09'),(495,232,2,'2014-08-25 00:32:09'),(496,233,2,'2014-08-25 00:32:12'),(497,236,2,'2014-08-25 01:04:41'),(498,236,2,'2014-08-25 01:04:41'),(499,236,2,'2014-08-25 01:04:41'),(500,237,2,'2014-08-25 01:06:19'),(501,232,2,'2014-08-25 01:28:46'),(502,232,2,'2014-08-25 01:28:47'),(503,233,2,'2014-08-25 01:28:55'),(504,237,2,'2014-08-25 07:06:03'),(505,236,2,'2014-08-25 07:06:05'),(506,235,2,'2014-08-25 07:06:05'),(507,228,2,'2014-08-25 07:13:50'),(508,228,2,'2014-08-25 07:13:55'),(509,228,2,'2014-08-25 07:14:00'),(510,238,2,'2014-08-25 07:14:02'),(511,228,2,'2014-08-25 07:14:03'),(512,239,2,'2014-08-25 07:14:11'),(513,239,2,'2014-08-25 07:14:16'),(514,239,2,'2014-08-25 07:14:19'),(515,240,2,'2014-08-25 07:14:22'),(516,239,2,'2014-08-25 07:14:23'),(517,241,2,'2014-08-25 07:14:38'),(518,242,2,'2014-08-25 07:14:42'),(519,241,2,'2014-08-25 07:14:43'),(520,152,2,'2014-08-25 07:17:55'),(521,243,2,'2014-08-25 07:19:03'),(522,243,2,'2014-08-25 07:19:49'),(523,244,2,'2014-08-25 08:02:02'),(524,245,2,'2014-08-25 08:02:02'),(525,246,2,'2014-08-25 08:02:02'),(526,247,2,'2014-08-25 08:02:02'),(527,248,2,'2014-08-25 08:10:25'),(528,248,2,'2014-08-25 08:14:09'),(529,249,2,'2014-08-25 08:14:31'),(530,248,2,'2014-08-25 08:14:58'),(531,250,2,'2014-08-25 08:15:20'),(532,251,2,'2014-08-25 08:17:30'),(533,251,2,'2014-08-25 08:17:57'),(534,251,2,'2014-08-25 08:38:52'),(535,252,2,'2014-08-25 08:39:14'),(536,253,2,'2014-08-25 08:39:32'),(537,253,2,'2014-08-25 08:41:36'),(538,254,2,'2014-08-25 08:42:07'),(539,255,2,'2014-08-25 08:42:32'),(540,256,2,'2014-08-25 08:42:47'),(541,257,2,'2014-08-25 08:42:49'),(542,258,2,'2014-08-25 08:43:24'),(543,258,2,'2014-08-25 08:43:25'),(544,257,2,'2014-08-25 08:44:18'),(545,255,2,'2014-08-25 08:44:26'),(546,259,2,'2014-08-25 08:44:38'),(547,251,2,'2014-08-25 08:44:44'),(548,252,2,'2014-08-25 08:44:53'),(549,248,2,'2014-08-25 08:46:48'),(550,248,2,'2014-08-25 08:53:10'),(551,260,2,'2014-08-25 08:53:20'),(552,261,2,'2014-08-25 08:53:31'),(553,262,2,'2014-08-25 08:53:38'),(554,263,2,'2014-08-25 08:53:43'),(555,264,2,'2014-08-25 08:53:51'),(556,264,2,'2014-08-25 08:53:56'),(557,248,2,'2014-08-25 08:55:29'),(558,248,2,'2014-08-25 09:28:15'),(559,248,2,'2014-08-25 09:31:46'),(560,248,2,'2014-08-25 09:32:39'),(561,248,2,'2014-08-25 09:50:07'),(562,262,2,'2014-08-25 09:50:46'),(563,263,2,'2014-08-25 09:50:47'),(564,261,2,'2014-08-25 09:50:48'),(565,260,2,'2014-08-25 09:50:48'),(566,248,2,'2014-08-25 09:50:48'),(567,231,2,'2014-08-25 09:52:53'),(568,232,2,'2014-08-25 09:52:55'),(569,233,2,'2014-08-25 09:52:57'),(570,265,2,'2014-08-25 09:53:00'),(571,265,2,'2014-08-25 09:53:00'),(572,265,2,'2014-08-25 09:53:01'),(573,196,2,'2014-08-25 09:57:41'),(574,266,2,'2014-08-25 09:57:43'),(575,231,2,'2014-08-25 09:58:43'),(576,232,2,'2014-08-25 09:58:44'),(577,233,2,'2014-08-25 09:58:46'),(578,265,2,'2014-08-25 09:58:47'),(579,265,2,'2014-08-25 09:58:48'),(580,265,2,'2014-08-25 09:58:48'),(581,127,2,'2014-08-25 10:05:42'),(582,265,2,'2014-08-25 10:07:11'),(583,127,2,'2014-08-25 10:15:45'),(584,127,2,'2014-08-25 10:25:46'),(585,127,2,'2014-08-25 10:35:48'),(586,265,2,'2014-08-25 10:41:32'),(587,265,2,'2014-08-25 10:41:34'),(588,265,2,'2014-08-25 10:43:09'),(589,127,2,'2014-08-25 10:45:50'),(590,127,2,'2014-08-25 10:55:54'),(591,127,2,'2014-08-25 11:05:58'),(592,267,2,'2014-08-25 11:07:44'),(593,268,2,'2014-08-25 11:07:52'),(594,268,2,'2014-08-25 11:07:55'),(595,269,2,'2014-08-25 11:08:11'),(596,269,2,'2014-08-25 11:08:11'),(597,270,2,'2014-08-25 11:08:13'),(598,271,2,'2014-08-25 11:08:22'),(599,231,2,'2014-08-25 11:25:59'),(600,232,2,'2014-08-25 11:26:02'),(601,233,2,'2014-08-25 11:26:04'),(602,236,2,'2014-08-25 11:26:08'),(603,236,2,'2014-08-25 11:26:08'),(604,236,2,'2014-08-25 11:26:08'),(605,271,2,'2014-08-25 11:30:34'),(606,265,2,'2014-08-25 11:31:56'),(607,268,2,'2014-08-25 11:32:17'),(608,268,2,'2014-08-25 11:32:18'),(609,127,2,'2014-08-25 11:32:18'),(610,266,2,'2014-08-25 11:32:20'),(611,272,2,'2014-08-25 11:40:16'),(612,273,2,'2014-08-25 11:40:36'),(613,272,2,'2014-08-25 11:41:47'),(614,274,2,'2014-08-25 11:41:51'),(615,275,2,'2014-08-25 11:42:07'),(616,274,2,'2014-08-25 11:42:15'),(617,276,2,'2014-08-25 11:42:17'),(618,277,2,'2014-08-25 11:42:23'),(619,276,2,'2014-08-25 11:42:25'),(620,278,2,'2014-08-25 11:42:32'),(621,276,2,'2014-08-25 11:42:33'),(622,273,2,'2014-08-25 11:42:40'),(623,276,2,'2014-08-25 11:43:52'),(624,279,2,'2014-08-25 11:43:59'),(625,280,2,'2014-08-25 11:44:59'),(626,281,2,'2014-08-25 11:45:09'),(627,280,2,'2014-08-25 11:45:21'),(628,277,2,'2014-08-25 11:45:27'),(629,280,2,'2014-08-25 11:45:29'),(630,282,2,'2014-08-25 11:45:35'),(631,283,2,'2014-08-25 11:45:45'),(632,282,2,'2014-08-25 11:45:47'),(633,284,2,'2014-08-25 11:45:50'),(634,285,2,'2014-08-25 11:46:01'),(635,286,2,'2014-08-25 11:46:14'),(636,287,2,'2014-08-25 11:46:20'),(637,288,2,'2014-08-25 11:48:00'),(638,289,2,'2014-08-25 11:48:07'),(639,127,2,'2014-08-25 12:07:11'),(640,127,2,'2014-08-25 12:17:13'),(641,127,2,'2014-08-25 12:27:15'),(642,127,2,'2014-08-25 12:37:17'),(643,127,2,'2014-08-25 12:47:19'),(644,127,2,'2014-08-25 12:57:21'),(645,233,2,'2014-08-25 13:00:45'),(646,290,2,'2014-08-25 13:00:48'),(647,290,2,'2014-08-25 13:00:48'),(648,233,2,'2014-08-25 13:01:17'),(649,291,2,'2014-08-25 13:01:47'),(650,291,2,'2014-08-25 13:01:47'),(651,291,2,'2014-08-25 13:01:48'),(652,233,2,'2014-08-25 13:02:25'),(653,292,2,'2014-08-25 13:06:13'),(654,293,2,'2014-08-25 13:06:18'),(655,294,2,'2014-08-25 13:06:19'),(656,295,2,'2014-08-25 13:06:20'),(657,127,2,'2014-08-25 13:07:23'),(658,127,2,'2014-08-25 13:17:25'),(659,127,2,'2014-08-25 13:27:29'),(660,233,2,'2014-08-25 13:32:01'),(661,291,2,'2014-08-25 13:32:03'),(662,291,2,'2014-08-25 13:32:03'),(663,291,2,'2014-08-25 13:32:03'),(664,127,2,'2014-08-25 13:37:31'),(665,296,2,'2014-08-25 13:40:33'),(666,297,2,'2014-08-25 13:40:46'),(667,127,2,'2014-08-25 13:47:33'),(668,127,2,'2014-08-25 13:57:35'),(669,284,2,'2014-08-25 14:03:00'),(670,282,2,'2014-08-25 14:03:01'),(671,279,2,'2014-08-25 14:03:02'),(672,272,2,'2014-08-25 14:03:02'),(673,288,2,'2014-08-25 14:03:03'),(674,280,2,'2014-08-25 14:03:03'),(675,281,2,'2014-08-25 14:03:03'),(676,127,2,'2014-08-25 14:07:38'),(677,127,2,'2014-08-25 14:17:39'),(678,127,2,'2014-08-25 14:27:41'),(679,127,2,'2014-08-25 14:37:43'),(680,298,2,'2014-08-25 14:39:39'),(681,127,2,'2014-08-25 14:47:45'),(682,298,2,'2014-08-25 14:51:50'),(683,127,2,'2014-08-25 14:57:47'),(684,127,2,'2014-08-25 15:05:24'),(685,127,2,'2014-08-25 15:05:26'),(686,299,2,'2014-08-25 15:05:29'),(687,127,2,'2014-08-25 15:05:32'),(688,214,2,'2014-08-25 15:05:35'),(689,207,2,'2014-08-25 15:05:36'),(690,127,2,'2014-08-25 15:07:49'),(691,205,2,'2014-08-25 15:08:57'),(692,300,2,'2014-08-25 15:09:00'),(693,300,2,'2014-08-25 15:09:04'),(694,205,2,'2014-08-25 15:09:25'),(695,301,2,'2014-08-25 15:09:31'),(696,205,2,'2014-08-25 15:11:50'),(697,127,2,'2014-08-25 15:17:51'),(698,302,2,'2014-08-25 15:20:06'),(699,303,2,'2014-08-25 15:20:09'),(700,303,2,'2014-08-25 15:20:14'),(701,304,2,'2014-08-25 15:20:14'),(702,305,2,'2014-08-25 15:20:15'),(703,306,2,'2014-08-25 15:20:17'),(704,307,2,'2014-08-25 15:20:17'),(705,306,2,'2014-08-25 15:20:19'),(706,308,2,'2014-08-25 15:20:36'),(707,309,2,'2014-08-25 15:20:39'),(708,310,2,'2014-08-25 15:20:40'),(709,311,2,'2014-08-25 15:20:41'),(710,311,2,'2014-08-25 15:20:41'),(711,312,2,'2014-08-25 15:20:42'),(712,313,2,'2014-08-25 15:20:45'),(713,314,2,'2014-08-25 15:20:47'),(714,315,2,'2014-08-25 15:20:51'),(715,316,2,'2014-08-25 15:21:29'),(716,222,2,'2014-08-25 15:21:41'),(717,317,2,'2014-08-25 15:22:43'),(718,318,2,'2014-08-25 15:22:45'),(719,318,2,'2014-08-25 15:22:47'),(720,319,2,'2014-08-25 15:22:49'),(721,319,2,'2014-08-25 15:22:51'),(722,319,2,'2014-08-25 15:22:53'),(723,319,2,'2014-08-25 15:22:55'),(724,320,2,'2014-08-25 15:22:57'),(725,320,2,'2014-08-25 15:22:59'),(726,320,2,'2014-08-25 15:23:01'),(727,320,2,'2014-08-25 15:23:02'),(728,320,2,'2014-08-25 15:23:04'),(729,320,2,'2014-08-25 15:23:06'),(730,320,2,'2014-08-25 15:23:08'),(731,321,2,'2014-08-25 15:23:10'),(732,322,2,'2014-08-25 15:23:18'),(733,323,2,'2014-08-25 15:23:25'),(734,317,2,'2014-08-25 15:23:27'),(735,222,2,'2014-08-25 15:23:29'),(736,222,2,'2014-08-25 15:23:31'),(737,233,2,'2014-08-25 15:24:52'),(738,265,2,'2014-08-25 15:26:37'),(739,265,2,'2014-08-25 15:26:37'),(740,232,2,'2014-08-25 15:26:46'),(741,232,2,'2014-08-25 15:26:46'),(742,233,2,'2014-08-25 15:26:49'),(743,236,2,'2014-08-25 15:26:51'),(744,236,2,'2014-08-25 15:26:51'),(745,236,2,'2014-08-25 15:26:52'),(746,232,2,'2014-08-25 15:26:57'),(747,232,2,'2014-08-25 15:26:57'),(748,233,2,'2014-08-25 15:26:59'),(749,324,2,'2014-08-25 15:27:06'),(750,324,2,'2014-08-25 15:27:06'),(751,324,2,'2014-08-25 15:27:06'),(752,233,2,'2014-08-25 15:27:23'),(753,234,2,'2014-08-25 15:27:26'),(754,234,2,'2014-08-25 15:27:26'),(755,234,2,'2014-08-25 15:27:27'),(756,127,2,'2014-08-25 15:27:53'),(757,325,2,'2014-08-25 15:28:15'),(758,325,2,'2014-08-25 15:28:15'),(759,326,2,'2014-08-25 15:30:19'),(760,232,2,'2014-08-25 15:30:20'),(761,232,2,'2014-08-25 15:30:20'),(762,232,2,'2014-08-25 15:30:20'),(763,233,2,'2014-08-25 15:30:22'),(764,325,2,'2014-08-25 15:30:26'),(765,325,2,'2014-08-25 15:30:26'),(766,325,2,'2014-08-25 15:30:26'),(767,327,2,'2014-08-25 15:31:06'),(768,233,2,'2014-08-25 15:31:09'),(769,325,2,'2014-08-25 15:31:10'),(770,325,2,'2014-08-25 15:31:10'),(771,325,2,'2014-08-25 15:31:10'),(772,328,2,'2014-08-25 15:31:59'),(773,233,2,'2014-08-25 15:32:01'),(774,327,2,'2014-08-25 15:32:03'),(775,327,2,'2014-08-25 15:32:03'),(776,327,2,'2014-08-25 15:32:03'),(777,233,2,'2014-08-25 15:32:47'),(778,326,2,'2014-08-25 15:32:49'),(779,326,2,'2014-08-25 15:32:49'),(780,326,2,'2014-08-25 15:32:50'),(781,233,2,'2014-08-25 15:32:53'),(782,325,2,'2014-08-25 15:32:54'),(783,325,2,'2014-08-25 15:32:54'),(784,325,2,'2014-08-25 15:32:54'),(785,329,2,'2014-08-25 15:34:52'),(786,233,2,'2014-08-25 15:35:21'),(787,327,2,'2014-08-25 15:35:22'),(788,327,2,'2014-08-25 15:35:22'),(789,327,2,'2014-08-25 15:35:23'),(790,127,2,'2014-08-25 15:37:55'),(791,311,2,'2014-08-25 15:43:27'),(792,309,2,'2014-08-25 15:43:27'),(793,310,2,'2014-08-25 15:43:27'),(794,312,2,'2014-08-25 15:43:28'),(795,308,2,'2014-08-25 15:43:28'),(796,312,2,'2014-08-25 15:43:58'),(797,315,2,'2014-08-25 15:44:02'),(798,311,2,'2014-08-25 15:44:02'),(799,309,2,'2014-08-25 15:44:02'),(800,127,2,'2014-08-25 15:47:57'),(801,127,2,'2014-08-25 15:57:59'),(802,127,2,'2014-08-25 16:08:01'),(803,330,2,'2014-08-25 16:10:38'),(804,331,2,'2014-08-25 16:10:41'),(805,330,2,'2014-08-25 16:11:23'),(806,332,2,'2014-08-25 16:11:27'),(807,330,2,'2014-08-25 16:11:35'),(808,333,2,'2014-08-25 16:11:45'),(809,334,2,'2014-08-25 16:11:49'),(810,330,2,'2014-08-25 16:12:38'),(811,331,2,'2014-08-25 16:13:05'),(812,332,2,'2014-08-25 16:13:05'),(813,127,2,'2014-08-25 16:18:03'),(814,291,2,'2014-08-25 16:25:02'),(815,291,2,'2014-08-25 16:26:41'),(816,127,2,'2014-08-25 16:28:05'),(817,335,2,'2014-08-25 16:29:23'),(818,336,2,'2014-08-25 16:35:28'),(819,127,2,'2014-08-25 16:38:07'),(820,127,2,'2014-08-25 16:48:09'),(821,335,2,'2014-08-25 17:01:52'),(822,335,2,'2014-08-25 17:02:38'),(823,335,2,'2014-08-25 17:02:48'),(824,335,2,'2014-08-25 17:05:00'),(825,336,2,'2014-08-25 17:05:27'),(826,337,2,'2014-08-25 17:05:36'),(827,338,2,'2014-08-25 17:05:42'),(828,339,2,'2014-08-25 20:01:36'),(829,340,2,'2014-08-25 20:01:42'),(830,339,2,'2014-08-25 20:01:46'),(831,341,2,'2014-08-25 20:01:55'),(832,342,2,'2014-08-25 20:02:09'),(833,341,2,'2014-08-25 20:02:16'),(834,343,2,'2014-08-25 20:02:23'),(835,341,2,'2014-08-25 20:02:34'),(836,344,2,'2014-08-25 20:02:40'),(837,344,2,'2014-08-25 20:02:48'),(838,341,2,'2014-08-25 20:03:15'),(839,345,2,'2014-08-25 20:03:21'),(840,335,2,'2014-08-25 20:05:10'),(841,335,2,'2014-08-25 20:05:27'),(842,335,2,'2014-08-25 20:07:10'),(843,335,2,'2014-08-25 20:14:44'),(844,335,2,'2014-08-25 20:17:37'),(845,335,2,'2014-08-25 20:19:55'),(846,335,2,'2014-08-25 20:40:16'),(847,335,2,'2014-08-25 20:42:30'),(849,335,2,'2014-08-25 20:51:58'),(850,335,2,'2014-08-25 20:57:21'),(854,335,2,'2014-08-25 21:01:05'),(858,335,2,'2014-08-25 21:02:45'),(859,351,2,'2014-08-25 21:03:00'),(860,335,2,'2014-08-25 21:18:47'),(861,335,2,'2014-08-25 21:19:22'),(862,335,2,'2014-08-25 21:20:05'),(863,335,2,'2014-08-25 21:21:05'),(864,352,2,'2014-08-25 21:21:35'),(865,353,2,'2014-08-25 21:21:48'),(866,354,2,'2014-08-25 21:21:56'),(867,354,2,'2014-08-25 21:23:00'),(868,353,2,'2014-08-25 21:23:24'),(869,352,2,'2014-08-25 21:23:24'),(870,335,2,'2014-08-25 21:32:26'),(871,335,2,'2014-08-25 21:36:30'),(872,335,2,'2014-08-25 21:39:11'),(873,335,2,'2014-08-25 21:42:40'),(874,335,2,'2014-08-25 21:43:28'),(875,335,2,'2014-08-25 21:48:14'),(876,333,2,'2014-08-25 21:49:30'),(877,331,2,'2014-08-25 21:49:30'),(878,332,2,'2014-08-25 21:49:31'),(879,334,2,'2014-08-25 21:49:31'),(880,335,2,'2014-08-25 22:11:13'),(881,335,2,'2014-08-25 22:14:13'),(882,335,2,'2014-08-25 22:19:39'),(883,335,2,'2014-08-25 22:20:50'),(884,154,2,'2014-08-25 22:29:56'),(885,152,2,'2014-08-25 22:30:11'),(886,312,2,'2014-08-25 22:30:54'),(887,311,2,'2014-08-25 22:31:15'),(888,335,2,'2014-08-25 22:46:07'),(889,335,2,'2014-08-25 22:46:32'),(890,335,2,'2014-08-25 22:48:08'),(891,335,2,'2014-08-25 22:49:12'),(892,351,2,'2014-08-25 22:50:25'),(893,127,2,'2014-08-25 22:51:42'),(894,127,2,'2014-08-25 22:51:44'),(895,205,2,'2014-08-25 22:51:46'),(896,355,2,'2014-08-25 22:51:48'),(897,127,2,'2014-08-25 22:52:32'),(898,287,2,'2014-08-25 22:53:04'),(899,286,2,'2014-08-25 22:53:04'),(900,356,2,'2014-08-25 22:53:13'),(901,357,2,'2014-08-25 22:53:17'),(902,358,2,'2014-08-25 22:53:18'),(903,358,2,'2014-08-25 22:53:18'),(904,358,2,'2014-08-25 22:53:18'),(905,359,2,'2014-08-25 22:53:42'),(906,358,2,'2014-08-25 22:53:53'),(907,356,2,'2014-08-25 22:53:54'),(908,136,2,'2014-08-25 22:54:11'),(909,137,2,'2014-08-25 22:54:16'),(910,360,2,'2014-08-25 23:02:39'),(911,360,2,'2014-08-25 23:02:43'),(912,360,2,'2014-08-25 23:02:47'),(913,361,2,'2014-08-25 23:02:53'),(914,362,2,'2014-08-25 23:02:53'),(915,363,2,'2014-08-25 23:03:00'),(916,364,2,'2014-08-25 23:03:05');

UNLOCK TABLES;

/*Table structure for table `regex_group` */

DROP TABLE IF EXISTS `regex_group`;

CREATE TABLE `regex_group` (
  `pn` int(11) NOT NULL AUTO_INCREMENT COMMENT '그룹 번호',
  `name` varchar(255) NOT NULL COMMENT '정규표현식 그룹 이름',
  PRIMARY KEY (`pn`)
) ENGINE=InnoDB AUTO_INCREMENT=6 DEFAULT CHARSET=utf8;

/*Data for the table `regex_group` */

LOCK TABLES `regex_group` WRITE;

insert  into `regex_group`(`pn`,`name`) values (1,'Tag'),(2,'Delete'),(3,'Select'),(4,'SelectTag'),(5,'src');

UNLOCK TABLES;

/*Table structure for table `regex_image` */

DROP TABLE IF EXISTS `regex_image`;

CREATE TABLE `regex_image` (
  `pn` int(11) NOT NULL AUTO_INCREMENT COMMENT '고유번호',
  `group_pn` int(11) NOT NULL COMMENT '정규표현식 그룹 종류 고유번호',
  `shape` varchar(255) DEFAULT NULL COMMENT '정규표현식 형태',
  PRIMARY KEY (`pn`),
  KEY `group_pn` (`group_pn`),
  CONSTRAINT `regex_image_ibfk_1` FOREIGN KEY (`group_pn`) REFERENCES `regex_group` (`pn`) ON DELETE NO ACTION
) ENGINE=InnoDB AUTO_INCREMENT=67 DEFAULT CHARSET=utf8;

/*Data for the table `regex_image` */

LOCK TABLES `regex_image` WRITE;

insert  into `regex_image`(`pn`,`group_pn`,`shape`) values (2,1,'footer'),(3,1,'header'),(4,1,'nav'),(5,1,'aside'),(6,2,'top'),(7,2,'bottom'),(12,1,'head'),(20,1,'script'),(21,1,'iframe'),(22,1,'style'),(23,1,'object'),(24,1,'meta'),(25,1,'h1'),(26,1,'h2'),(27,1,'h3'),(28,1,'h4'),(29,1,'h5'),(30,1,'h6'),(32,2,'head'),(36,2,'foot'),(38,3,'container'),(39,3,'content'),(40,3,'article'),(42,2,'banner'),(43,2,'btn'),(44,2,'advertise'),(45,2,'paging'),(46,3,'main'),(49,2,'side'),(50,1,'form'),(51,2,'toolbar'),(52,2,'pop'),(53,2,'btn'),(54,2,'menu'),(55,2,'navigation'),(56,2,'similar'),(57,2,'bar'),(58,2,'findingNemo'),(59,2,'calendar'),(60,2,'date'),(62,5,'ico'),(63,5,'btn'),(64,2,'photo'),(65,2,'left'),(66,2,'right');

UNLOCK TABLES;

/*Table structure for table `regex_title` */

DROP TABLE IF EXISTS `regex_title`;

CREATE TABLE `regex_title` (
  `pn` int(11) NOT NULL AUTO_INCREMENT COMMENT '고유번호',
  `group_pn` int(11) NOT NULL COMMENT '정규표현식 그룹 종류 고유번호',
  `shape` varchar(255) NOT NULL COMMENT '정규표현식 형태',
  PRIMARY KEY (`pn`),
  KEY `regex_title_ibfk_1` (`group_pn`),
  CONSTRAINT `regex_title_ibfk_1` FOREIGN KEY (`group_pn`) REFERENCES `regex_group` (`pn`) ON DELETE NO ACTION
) ENGINE=InnoDB AUTO_INCREMENT=32 DEFAULT CHARSET=utf8;

/*Data for the table `regex_title` */

LOCK TABLES `regex_title` WRITE;

insert  into `regex_title`(`pn`,`group_pn`,`shape`) values (6,1,'head'),(7,1,'script'),(8,1,'style'),(17,3,'title'),(18,4,'h1'),(19,4,'h2'),(20,4,'h3'),(21,4,'h4'),(22,4,'h5'),(23,4,'h6'),(24,2,'bottom'),(25,2,'banner'),(26,2,'advertise'),(27,2,'foot'),(28,2,'btn'),(29,2,'paging'),(30,2,'popup'),(31,2,'menu');

UNLOCK TABLES;

/*Table structure for table `user` */

DROP TABLE IF EXISTS `user`;

CREATE TABLE `user` (
  `pn` int(11) NOT NULL AUTO_INCREMENT COMMENT '사용자 고유번호',
  `id` varchar(255) NOT NULL COMMENT '구글 Oauth ID',
  `register_date` date NOT NULL COMMENT '등록날짜.',
  PRIMARY KEY (`pn`)
) ENGINE=InnoDB AUTO_INCREMENT=3 DEFAULT CHARSET=utf8 COMMENT='사용자 정보 테이블';

/*Data for the table `user` */

LOCK TABLES `user` WRITE;

insert  into `user`(`pn`,`id`,`register_date`) values (1,'117413766640864335409','2014-08-09'),(2,'110728430166896073789','2014-08-17');

UNLOCK TABLES;

/*!40101 SET SQL_MODE=@OLD_SQL_MODE */;
/*!40014 SET FOREIGN_KEY_CHECKS=@OLD_FOREIGN_KEY_CHECKS */;
/*!40014 SET UNIQUE_CHECKS=@OLD_UNIQUE_CHECKS */;
/*!40111 SET SQL_NOTES=@OLD_SQL_NOTES */;
